BATfinal,VpFinal,KtransFinal,Kepfinal,VeFinal,RSSFinal,RSS0,RSS1,RSS2,RSS3,F1v0,F2v1,F3v2,BAT1,Vp1,BAT2,Vp2,Ktrans2,BAT3,Vp3,Ktrans3,Kep3,Ve3,WhichModel,TProb1,TProb2,TProb3,TProbFinal,,,,,,,,,,,,,,,,,,,,,,,,,,,,,,,,,,,,,,
6.2323,0.00099998,0.00058342,0.24048,0.0024261,9.72E-08,9.40E-06,1.09E-06,6.30E-07,9.72E-08,1,1,1,1,0.002013,1,0.0017304,9.28E-05,1,0.00099998,0.00058342,0.24048,0.0024261,4,0.91907,0.89032,0.75078,0.75078,,,,,,,,,,,,,,,,,,,,,,,,,,,,,,,,,,,,,,
6.2323,0.00088495,0.00075536,0.14806,0.0051017,1.33E-07,1.53E-05,3.22E-06,1.27E-06,1.33E-07,1,1,1,1,0.0024244,1,0.0018459,0.00018994,1,0.00088495,0.00075536,0.14806,0.0051017,4,0.95949,0.93233,0.81144,0.81144,,,,,,,,,,,,,,,,,,,,,,,,,,,,,,,,,,,,,,
6.2323,0.00096049,0.00071486,0.12229,0.0058455,2.49E-07,1.66E-05,3.82E-06,1.29E-06,2.49E-07,1,1,1,1,0.0024983,1,0.001839,0.00021648,1,0.00096049,0.00071486,0.12229,0.0058455,4,0.9545,0.91427,0.83375,0.83375,,,,,,,,,,,,,,,,,,,,,,,,,,,,,,,,,,,,,,
6.2323,0.00061898,0.00081061,0.11562,0.0070112,1.62E-07,1.66E-05,4.91E-06,1.52E-06,1.62E-07,1,1,1,1,0.0023868,1,0.001624,0.00025048,1,0.00061898,0.00081061,0.11562,0.0070112,4,0.97625,0.95705,0.90609,0.90609,,,,,,,,,,,,,,,,,,,,,,,,,,,,,,,,,,,,,,
6.2323,0.00046543,0.00072635,0.11498,0.0063169,1.10E-07,1.26E-05,3.94E-06,1.21E-06,1.10E-07,1,1,1,1,0.0020518,1,0.0013671,0.00022484,1,0.00046543,0.00072635,0.11498,0.0063169,4,0.97948,0.96407,0.92186,0.92186,,,,,,,,,,,,,,,,,,,,,,,,,,,,,,,,,,,,,,
6.2323,0.00044038,0.00055291,0.095689,0.0057782,7.52E-08,8.71E-06,2.78E-06,6.89E-07,7.52E-08,1,1,1,1,0.0017004,1,0.0011008,0.00019688,1,0.00044038,0.00055291,0.095689,0.0057782,4,0.97669,0.95034,0.88142,0.88142,,,,,,,,,,,,,,,,,,,,,,,,,,,,,,,,,,,,,,
6.2323,0.00094713,0.00092734,0.15457,0.0059995,1.98E-07,2.10E-05,4.67E-06,1.92E-06,1.98E-07,1,1,1,1,0.0028206,1,0.0021324,0.00022596,1,0.00094713,0.00092734,0.15457,0.0059995,4,0.97269,0.9581,0.90633,0.90633,,,,,,,,,,,,,,,,,,,,,,,,,,,,,,,,,,,,,,
6.2323,0.00065204,0.00046574,0.083971,0.0055465,7.97E-08,8.53E-06,2.30E-06,5.05E-07,7.97E-08,1,1,1,1,0.001744,1,0.0011891,0.00018221,1,0.00065204,0.00046574,0.083971,0.0055465,4,0.96679,0.91522,0.79605,0.79605,,,,,,,,,,,,,,,,,,,,,,,,,,,,,,,,,,,,,,
6.2323,0.00035602,0.00037361,0.06234,0.0059932,6.44E-08,5.36E-06,2.00E-06,3.02E-07,6.44E-08,1,1,1,1,0.001281,1,0.00074169,0.0001771,1,0.00035602,0.00037361,0.06234,0.0059932,4,0.9871,0.96511,0.95004,0.95004,,,,,,,,,,,,,,,,,,,,,,,,,,,,,,,,,,,,,,
6.2323,0.00062912,0.00036918,0.073281,0.0050379,7.71E-08,6.45E-06,1.72E-06,3.28E-07,7.71E-08,1,1,1,1,0.0015188,1,0.0010295,0.00016066,1,0.00062912,0.00036918,0.073281,0.0050379,4,0.97839,0.94113,0.89548,0.89548,,,,,,,,,,,,,,,,,,,,,,,,,,,,,,,,,,,,,,
5.7528,0.00061726,0.00026909,0.08278,0.0032507,6.30E-08,3.98E-06,7.91E-07,2.04E-07,6.30E-08,1,1,1,1,0.0012476,1,0.00093009,0.00010426,2,0.00061726,0.00026909,0.08278,0.0032507,4,0.98312,0.96651,0.94378,0.94378,,,,,,,,,,,,,,,,,,,,,,,,,,,,,,,,,,,,,,
6.2323,0.0008169,0.00069342,0.22725,0.0030514,1.12E-07,1.02E-05,1.62E-06,9.05E-07,1.12E-07,1,1,1,1,0.0020407,1,0.0016902,0.00011508,1,0.0008169,0.00069342,0.22725,0.0030514,4,0.92466,0.89794,0.75189,0.75189,,,,,,,,,,,,,,,,,,,,,,,,,,,,,,,,,,,,,,
6.2323,0.00068743,0.00088479,0.26185,0.003379,6.82E-08,1.18E-05,2.08E-06,1.24E-06,6.82E-08,1,1,1,1,0.0021732,1,0.0017938,0.00012459,1,0.00068743,0.00088479,0.26185,0.003379,4,0.95378,0.94234,0.8047,0.8047,,,,,,,,,,,,,,,,,,,,,,,,,,,,,,,,,,,,,,
6.2323,0.00065404,0.00066406,0.30744,0.00216,1.07E-07,7.00E-06,1.05E-06,6.93E-07,1.07E-07,1,1,1,1,0.001703,1,0.0014545,8.16E-05,1,0.00065404,0.00066406,0.30744,0.00216,4,0.94454,0.93404,0.8913,0.8913,,,,,,,,,,,,,,,,,,,,,,,,,,,,,,,,,,,,,,
6.2323,0.001348,0.00058366,0.16558,0.003525,1.46E-07,1.44E-05,1.74E-06,7.95E-07,1.46E-07,1,1,1,1,0.0024864,1,0.0020844,0.000132,1,0.001348,0.00058366,0.16558,0.003525,4,0.95945,0.9378,0.88771,0.88771,,,,,,,,,,,,,,,,,,,,,,,,,,,,,,,,,,,,,,
6.2323,0.0016235,0.00056684,0.23193,0.002444,1.84E-07,1.52E-05,1.21E-06,6.93E-07,1.84E-07,1,1,1,1,0.0026162,1,0.0023173,9.82E-05,1,0.0016235,0.00056684,0.23193,0.002444,4,0.87858,0.83092,0.70233,0.70233,,,,,,,,,,,,,,,,,,,,,,,,,,,,,,,,,,,,,,
6.2323,0.0014385,0.0007932,0.15394,0.0051526,2.92E-07,2.24E-05,3.57E-06,1.51E-06,2.92E-07,1,1,1,1,0.0030321,1,0.0024371,0.00019537,1,0.0014385,0.0007932,0.15394,0.0051526,4,0.93877,0.89801,0.78973,0.78973,,,,,,,,,,,,,,,,,,,,,,,,,,,,,,,,,,,,,,
6.2323,0.001112,0.00098559,0.15592,0.0063213,2.32E-07,2.46E-05,5.08E-06,2.16E-06,2.32E-07,1,1,1,1,0.0030843,1,0.0023751,0.00023287,1,0.001112,0.00098559,0.15592,0.0063213,4,0.96008,0.93703,0.83481,0.83481,,,,,,,,,,,,,,,,,,,,,,,,,,,,,,,,,,,,,,
6.2323,0.0011004,0.0017795,0.48022,0.0037056,1.95E-07,2.57E-05,3.36E-06,2.53E-06,1.95E-07,1,0.99997,1,1,0.003304,1,0.002926,0.00012409,1,0.0011004,0.0017795,0.48022,0.0037056,4,0.89748,0.88538,0.70957,0.70957,,,,,,,,,,,,,,,,,,,,,,,,,,,,,,,,,,,,,,
6.2323,0.0012811,0.0015022,0.36478,0.004118,2.58E-07,2.81E-05,3.88E-06,2.61E-06,2.58E-07,1,1,1,1,0.0034368,1,0.0029698,0.00015334,1,0.0012811,0.0015022,0.36478,0.004118,4,0.93041,0.91715,0.80807,0.80807,,,,,,,,,,,,,,,,,,,,,,,,,,,,,,,,,,,,,,
6.2323,0.00078165,0.00086016,0.24326,0.003536,8.23E-08,1.26E-05,2.17E-06,1.22E-06,8.23E-08,1,1,1,1,0.002258,1,0.0018557,0.00013209,1,0.00078165,0.00086016,0.24326,0.003536,4,0.97022,0.96313,0.92887,0.92887,,,,,,,,,,,,,,,,,,,,,,,,,,,,,,,,,,,,,,
6.2323,0.00050081,0.00062367,0.17826,0.0034987,1.39E-07,7.93E-06,1.88E-06,8.92E-07,1.39E-07,1,1,1,1,0.0017173,1,0.0013044,0.00013556,1,0.00050081,0.00062367,0.17826,0.0034987,4,0.96099,0.94454,0.91021,0.91021,,,,,,,,,,,,,,,,,,,,,,,,,,,,,,,,,,,,,,
6.2323,0.001286,0.0010902,0.39269,0.0027762,1.60E-07,1.78E-05,1.80E-06,1.27E-06,1.60E-07,1,1,1,1,0.0027909,1,0.0024896,9.89E-05,1,0.001286,0.0010902,0.39269,0.0027762,4,0.89879,0.88043,0.73258,0.73258,,,,,,,,,,,,,,,,,,,,,,,,,,,,,,,,,,,,,,
5.2734,0.00042311,0.00035721,0.13545,0.0026371,9.34E-08,3.63E-06,8.27E-07,3.41E-07,9.34E-08,1,1,1,1,0.0011702,1,0.00088134,9.49E-05,3,0.00042311,0.00035721,0.13545,0.0026371,4,0.9881,0.98592,0.99118,0.99118,,,,,,,,,,,,,,,,,,,,,,,,,,,,,,,,,,,,,,
6.2323,0.00070369,0.00062894,0.29361,0.0021421,9.35E-08,6.95E-06,9.70E-07,6.34E-07,9.35E-08,1,1,1,1,0.0017075,1,0.0014672,7.89E-05,1,0.00070369,0.00062894,0.29361,0.0021421,4,0.93799,0.92509,0.85918,0.85918,,,,,,,,,,,,,,,,,,,,,,,,,,,,,,,,,,,,,,
6.2323,0.00066948,0.00099568,0.49219,0.002023,1.26E-07,8.50E-06,1.09E-06,8.22E-07,1.26E-07,1,0.99997,1,1,0.0019007,1,0.0016858,7.05E-05,1,0.00066948,0.00099568,0.49219,0.002023,4,0.91584,0.90637,0.86379,0.86379,,,,,,,,,,,,,,,,,,,,,,,,,,,,,,,,,,,,,,
6.2323,0.0010046,0.00040794,0.077686,0.0052511,5.66E-08,9.81E-06,1.86E-06,3.68E-07,5.66E-08,1,1,1,1,0.0019696,1,0.0014633,0.00016625,1,0.0010046,0.00040794,0.077686,0.0052511,4,0.96528,0.8977,0.71922,0.71922,,,,,,,,,,,,,,,,,,,,,,,,,,,,,,,,,,,,,,
6.2323,0.00087105,0.00049849,0.088132,0.0056562,6.79E-08,1.08E-05,2.44E-06,5.52E-07,6.79E-08,1,1,1,1,0.0020229,1,0.0014529,0.00018717,1,0.00087105,0.00049849,0.088132,0.0056562,4,0.97366,0.93432,0.80928,0.80928,,,,,,,,,,,,,,,,,,,,,,,,,,,,,,,,,,,,,,
6.2323,0.0010193,0.00061641,0.085046,0.007248,1.58E-07,1.64E-05,4.00E-06,8.81E-07,1.58E-07,1,1,1,1,0.0024554,1,0.001723,0.00024046,1,0.0010193,0.00061641,0.085046,0.007248,4,0.98534,0.96844,0.95794,0.95794,,,,,,,,,,,,,,,,,,,,,,,,,,,,,,,,,,,,,,
6.2323,0.0012516,0.00077799,0.09648,0.0080638,2.14E-07,2.41E-05,5.51E-06,1.45E-06,2.14E-07,1,1,1,1,0.0030128,1,0.0021768,0.0002745,1,0.0012516,0.00077799,0.09648,0.0080638,4,0.9601,0.90817,0.76298,0.76298,,,,,,,,,,,,,,,,,,,,,,,,,,,,,,,,,,,,,,
6.2323,0.0010249,0.0010635,0.11144,0.0095425,3.38E-07,3.19E-05,8.75E-06,2.64E-06,3.38E-07,1,1,1,1,0.0033572,1,0.0023326,0.00033642,1,0.0010249,0.0010635,0.11144,0.0095425,4,0.97277,0.94797,0.88542,0.88542,,,,,,,,,,,,,,,,,,,,,,,,,,,,,,,,,,,,,,
6.2323,0.0019097,0.00104,0.1438,0.0072322,3.74E-07,4.00E-05,6.49E-06,2.55E-06,3.74E-07,1,1,1,1,0.0040441,1,0.003222,0.00026994,1,0.0019097,0.00104,0.1438,0.0072322,4,0.95309,0.91851,0.79748,0.79748,,,,,,,,,,,,,,,,,,,,,,,,,,,,,,,,,,,,,,
6.2323,0.0010776,0.0011219,0.16482,0.0068073,2.67E-07,2.86E-05,6.30E-06,2.72E-06,2.67E-07,1,1,1,1,0.0032953,1,0.0025112,0.00025747,1,0.0010776,0.0011219,0.16482,0.0068073,4,0.97331,0.96075,0.9168,0.9168,,,,,,,,,,,,,,,,,,,,,,,,,,,,,,,,,,,,,,
6.2323,0.00087543,0.00087811,0.11191,0.0078466,1.42E-07,2.19E-05,5.80E-06,1.74E-06,1.42E-07,1,1,1,1,0.0027992,1,0.0019639,0.00027427,1,0.00087543,0.00087811,0.11191,0.0078466,4,0.97648,0.95553,0.8651,0.8651,,,,,,,,,,,,,,,,,,,,,,,,,,,,,,,,,,,,,,
6.2323,0.0012601,0.00095708,0.119,0.0080426,1.60E-07,2.91E-05,6.40E-06,2.05E-06,1.60E-07,1,1,1,1,0.0033278,1,0.0024642,0.00028358,1,0.0012601,0.00095708,0.119,0.0080426,4,0.97148,0.94621,0.80997,0.80997,,,,,,,,,,,,,,,,,,,,,,,,,,,,,,,,,,,,,,
6.2323,0.0016694,0.0014935,0.47419,0.0031496,6.78E-07,2.89E-05,3.20E-06,2.37E-06,6.78E-07,1,0.99999,1,1,0.0035393,1,0.0031611,0.00012418,1,0.0016694,0.0014935,0.47419,0.0031496,4,0.88962,0.87405,0.84551,0.84551,,,,,,,,,,,,,,,,,,,,,,,,,,,,,,,,,,,,,,
6.2323,0.0018576,0.0014777,0.39154,0.0037741,4.73E-07,3.49E-05,3.69E-06,2.58E-06,4.73E-07,1,1,1,1,0.0039048,1,0.0034666,0.00014386,1,0.0018576,0.0014777,0.39154,0.0037741,4,0.90286,0.88456,0.79759,0.79759,,,,,,,,,,,,,,,,,,,,,,,,,,,,,,,,,,,,,,
6.2323,0.0015621,0.0010042,0.41227,0.0024357,2.67E-07,1.89E-05,1.57E-06,1.15E-06,2.67E-07,1,0.99999,1,1,0.0029053,1,0.0026361,8.84E-05,1,0.0015621,0.0010042,0.41227,0.0024357,4,0.84797,0.82271,0.70888,0.70888,,,,,,,,,,,,,,,,,,,,,,,,,,,,,,,,,,,,,,
6.2323,0.0013903,0.0014935,0.32809,0.0045519,2.44E-07,3.16E-05,4.37E-06,2.86E-06,2.44E-07,1,1,1,1,0.0036462,1,0.0031362,0.00016744,1,0.0013903,0.0014935,0.32809,0.0045519,4,0.92006,0.90234,0.72709,0.72709,,,,,,,,,,,,,,,,,,,,,,,,,,,,,,,,,,,,,,
6.2323,0.00093104,0.0016482,0.57934,0.0028449,1.25E-07,1.77E-05,2.08E-06,1.60E-06,1.25E-07,1,0.99995,1,1,0.0027619,1,0.0024751,9.42E-05,1,0.00093104,0.0016482,0.57934,0.0028449,4,0.91258,0.90357,0.78846,0.78846,,,,,,,,,,,,,,,,,,,,,,,,,,,,,,,,,,,,,,
6.2323,0.0013323,0.0011496,0.34603,0.0033223,1.66E-07,2.11E-05,2.41E-06,1.60E-06,1.66E-07,1,1,1,1,0.0030215,1,0.0026488,0.00012237,1,0.0013323,0.0011496,0.34603,0.0033223,4,0.93448,0.92082,0.81663,0.81663,,,,,,,,,,,,,,,,,,,,,,,,,,,,,,,,,,,,,,
6.2323,0.0014576,0.0014617,0.46324,0.0031553,2.06E-07,2.49E-05,2.48E-06,1.81E-06,2.06E-07,1,0.99999,1,1,0.0033096,1,0.0029694,0.0001117,1,0.0014576,0.0014617,0.46324,0.0031553,4,0.90426,0.88944,0.75739,0.75739,,,,,,,,,,,,,,,,,,,,,,,,,,,,,,,,,,,,,,
6.2323,0.0013304,0.0012303,0.28912,0.0042555,2.48E-07,2.60E-05,3.67E-06,2.25E-06,2.48E-07,1,1,1,1,0.0032996,1,0.0028059,0.00016212,1,0.0013304,0.0012303,0.28912,0.0042555,4,0.94492,0.93089,0.84567,0.84567,,,,,,,,,,,,,,,,,,,,,,,,,,,,,,,,,,,,,,
6.2323,0.00068841,0.00072128,0.23443,0.0030767,1.37E-07,9.60E-06,1.75E-06,9.62E-07,1.37E-07,1,1,1,1,0.0019568,1,0.0015882,0.00012102,1,0.00068841,0.00072128,0.23443,0.0030767,4,0.95925,0.94662,0.91044,0.91044,,,,,,,,,,,,,,,,,,,,,,,,,,,,,,,,,,,,,,
6.2323,0.00055163,0.00076897,0.19088,0.0040286,1.25E-07,1.06E-05,2.42E-06,1.19E-06,1.25E-07,1,1,1,1,0.0019969,1,0.001537,0.000151,1,0.00055163,0.00076897,0.19088,0.0040286,4,0.97403,0.96572,0.94814,0.94814,,,,,,,,,,,,,,,,,,,,,,,,,,,,,,,,,,,,,,
6.2323,0.00094733,0.00079083,0.097027,0.0081506,1.79E-07,2.11E-05,5.68E-06,1.44E-06,1.79E-07,1,1,1,1,0.0027417,1,0.001888,0.00028031,1,0.00094733,0.00079083,0.097027,0.0081506,4,0.98135,0.96147,0.91665,0.91665,,,,,,,,,,,,,,,,,,,,,,,,,,,,,,,,,,,,,,
6.2323,0.001105,0.00081868,0.12221,0.0066987,1.45E-07,2.14E-05,4.64E-06,1.52E-06,1.45E-07,1,1,1,1,0.0028604,1,0.0021286,0.00024029,1,0.001105,0.00081868,0.12221,0.0066987,4,0.9697,0.94319,0.8256,0.8256,,,,,,,,,,,,,,,,,,,,,,,,,,,,,,,,,,,,,,
6.2323,0.00085393,0.00092505,0.14787,0.0062558,1.95E-07,2.01E-05,4.76E-06,1.89E-06,1.95E-07,1,1,1,1,0.002737,1,0.0020346,0.00023063,1,0.00085393,0.00092505,0.14787,0.0062558,4,0.96689,0.94677,0.87084,0.87084,,,,,,,,,,,,,,,,,,,,,,,,,,,,,,,,,,,,,,
6.2323,0.0022375,0.00097515,0.20657,0.0047206,5.80E-07,3.73E-05,4.15E-06,2.23E-06,5.80E-07,1,1,1,1,0.0040218,1,0.0034474,0.0001886,1,0.0022375,0.00097515,0.20657,0.0047206,4,0.90206,0.8595,0.7553,0.7553,,,,,,,,,,,,,,,,,,,,,,,,,,,,,,,,,,,,,,
6.2323,0.0021263,0.0011163,0.25865,0.0043159,7.40E-07,3.66E-05,4.07E-06,2.57E-06,7.40E-07,1,1,1,1,0.0039863,1,0.003479,0.00016657,1,0.0021263,0.0011163,0.25865,0.0043159,4,0.86995,0.83424,0.74507,0.74507,,,,,,,,,,,,,,,,,,,,,,,,,,,,,,,,,,,,,,
6.2323,0.0015235,0.00099068,0.14386,0.0068862,3.38E-07,3.17E-05,5.81E-06,2.28E-06,3.38E-07,1,1,1,1,0.0035543,1,0.0027748,0.00025594,1,0.0015235,0.00099068,0.14386,0.0068862,4,0.94549,0.90517,0.77158,0.77158,,,,,,,,,,,,,,,,,,,,,,,,,,,,,,,,,,,,,,
6.2323,0.0014279,0.0012025,0.18083,0.0066503,2.73E-07,3.49E-05,6.38E-06,2.96E-06,2.73E-07,1,1,1,1,0.0037309,1,0.0029639,0.00025185,1,0.0014279,0.0012025,0.18083,0.0066503,4,0.96599,0.95031,0.87085,0.87085,,,,,,,,,,,,,,,,,,,,,,,,,,,,,,,,,,,,,,
6.2323,0.001116,0.001146,0.13515,0.0084794,3.02E-07,3.36E-05,8.24E-06,2.99E-06,3.02E-07,1,1,1,1,0.0035156,1,0.0025664,0.00031168,1,0.001116,0.001146,0.13515,0.0084794,4,0.96367,0.93715,0.82906,0.82906,,,,,,,,,,,,,,,,,,,,,,,,,,,,,,,,,,,,,,
6.2323,0.00099261,0.00053378,0.088942,0.0060014,2.46E-07,1.33E-05,3.10E-06,7.80E-07,2.46E-07,1,1,1,1,0.0022303,1,0.0015992,0.00020725,1,0.00099261,0.00053378,0.088942,0.0060014,4,0.96524,0.91834,0.87883,0.87883,,,,,,,,,,,,,,,,,,,,,,,,,,,,,,,,,,,,,,
6.2323,0.00057377,0.0011119,0.23148,0.0048035,1.21E-07,1.68E-05,3.81E-06,2.11E-06,1.21E-07,1,1,1,1,0.0025188,1,0.0019781,0.00017751,1,0.00057377,0.0011119,0.23148,0.0048035,4,0.97479,0.96954,0.94862,0.94862,,,,,,,,,,,,,,,,,,,,,,,,,,,,,,,,,,,,,,
6.2323,0.0015545,0.0020797,0.7391,0.0028138,2.97E-07,2.77E-05,2.27E-06,1.84E-06,2.97E-07,1,0.99971,1,1,0.003524,1,0.0032525,8.91E-05,1,0.0015545,0.0020797,0.7391,0.0028138,4,0.83631,0.82159,0.70721,0.70721,,,,,,,,,,,,,,,,,,,,,,,,,,,,,,,,,,,,,,
6.2323,0.0021489,0.0014495,0.38114,0.0038032,5.55E-07,3.97E-05,3.81E-06,2.65E-06,5.55E-07,1,1,1,1,0.0041845,1,0.0037382,0.00014656,1,0.0021489,0.0014495,0.38114,0.0038032,4,0.88711,0.86472,0.76699,0.76699,,,,,,,,,,,,,,,,,,,,,,,,,,,,,,,,,,,,,,
6.2323,0.0018465,0.00074464,0.17239,0.0043195,5.29E-07,2.53E-05,3.10E-06,1.54E-06,5.29E-07,1,1,1,1,0.0032912,1,0.0027733,0.00017007,1,0.0018465,0.00074464,0.17239,0.0043195,4,0.88781,0.83056,0.74912,0.74912,,,,,,,,,,,,,,,,,,,,,,,,,,,,,,,,,,,,,,
6.2323,0.0014622,0.0010679,0.16331,0.006539,7.29E-07,3.25E-05,6.35E-06,2.88E-06,7.29E-07,1,1,1,1,0.0035748,1,0.0028019,0.00025379,1,0.0014622,0.0010679,0.16331,0.006539,4,0.94542,0.91585,0.87432,0.87432,,,,,,,,,,,,,,,,,,,,,,,,,,,,,,,,,,,,,,
6.2323,0.0013118,0.00061232,0.13794,0.0044389,3.79E-07,1.65E-05,2.73E-06,1.13E-06,3.79E-07,1,1,1,1,0.0025917,1,0.0020667,0.00017238,1,0.0013118,0.00061232,0.13794,0.0044389,4,0.93796,0.89499,0.84827,0.84827,,,,,,,,,,,,,,,,,,,,,,,,,,,,,,,,,,,,,,
6.2323,0.0017606,0.0014536,0.31108,0.0046727,6.70E-07,3.80E-05,5.05E-06,3.25E-06,6.70E-07,1,1,1,1,0.0040069,1,0.0034517,0.00018233,1,0.0017606,0.0014536,0.31108,0.0046727,4,0.91648,0.89657,0.8329,0.8329,,,,,,,,,,,,,,,,,,,,,,,,,,,,,,,,,,,,,,
6.2323,0.0012791,0.0017553,0.24451,0.0071788,7.59E-07,4.71E-05,9.52E-06,5.45E-06,7.59E-07,1,1,1,1,0.0042797,1,0.0034438,0.00027446,1,0.0012791,0.0017553,0.24451,0.0071788,4,0.96202,0.95247,0.93284,0.93284,,,,,,,,,,,,,,,,,,,,,,,,,,,,,,,,,,,,,,
6.2323,0.0020197,0.0012786,0.16722,0.0076459,7.92E-07,5.03E-05,8.42E-06,3.83E-06,7.92E-07,1,1,1,1,0.0045216,1,0.0036337,0.00029155,1,0.0020197,0.0012786,0.16722,0.0076459,4,0.93799,0.90277,0.81955,0.81955,,,,,,,,,,,,,,,,,,,,,,,,,,,,,,,,,,,,,,
6.2323,0.00099264,0.00069764,0.08037,0.0086803,2.19E-07,1.96E-05,5.40E-06,1.13E-06,2.19E-07,1,1,1,1,0.0026334,1,0.0017768,0.00028126,1,0.00099264,0.00069764,0.08037,0.0086803,4,0.97347,0.9312,0.86193,0.86193,,,,,,,,,,,,,,,,,,,,,,,,,,,,,,,,,,,,,,
6.2323,0.0020367,0.001126,0.1625,0.0069294,3.82E-07,4.36E-05,6.45E-06,2.82E-06,3.82E-07,1,1,1,1,0.0042578,1,0.0034681,0.00025929,1,0.0020367,0.001126,0.1625,0.0069294,4,0.94465,0.90997,0.76574,0.76574,,,,,,,,,,,,,,,,,,,,,,,,,,,,,,,,,,,,,,
6.2323,0.00074824,0.00067205,0.091963,0.0073078,1.62E-07,1.51E-05,4.33E-06,1.05E-06,1.62E-07,1,1,1,1,0.0022892,1,0.001539,0.00024633,1,0.00074824,0.00067205,0.091963,0.0073078,4,0.97669,0.94834,0.89384,0.89384,,,,,,,,,,,,,,,,,,,,,,,,,,,,,,,,,,,,,,
6.2323,0.00090823,0.00077913,0.077176,0.010096,1.91E-07,2.25E-05,6.92E-06,1.33E-06,1.91E-07,1,1,1,1,0.0027586,1,0.0017786,0.00032179,1,0.00090823,0.00077913,0.077176,0.010096,4,0.97217,0.92421,0.81285,0.81285,,,,,,,,,,,,,,,,,,,,,,,,,,,,,,,,,,,,,,
6.2323,0.00081218,0.00058792,0.075291,0.0078087,1.42E-07,1.42E-05,4.14E-06,7.87E-07,1.42E-07,1,1,1,1,0.002219,1,0.0014603,0.00024909,1,0.00081218,0.00058792,0.075291,0.0078087,4,0.98026,0.94792,0.89502,0.89502,,,,,,,,,,,,,,,,,,,,,,,,,,,,,,,,,,,,,,
CTCs,,,,,,,,,,,,,,,,,,,,,,,,,,,,,,,,,,,,,,,,,,,,,,,,,,,,,,,,,,,,,,,,,
0,0.095881,0.19176,0.28764,0.38352,0.4794,0.57528,0.67117,0.76705,0.86293,0.95881,1.0547,1.1506,1.2465,1.3423,1.4382,1.5341,1.63,1.7259,1.8217,1.9176,2.0135,2.1094,2.2053,2.3011,2.397,2.4929,2.5888,2.6847,2.7805,2.8764,2.9723,3.0682,3.1641,3.2599,3.3558,3.4517,3.5476,3.6435,3.7394,3.8352,3.9311,4.027,4.1229,4.2188,4.3146,4.4105,4.5064,4.6023,4.6982,4.794,4.8899,4.9858,5.0817,5.1776,5.2734,5.3693,5.4652,5.5611,5.657,10,15,20,30,60,
4.24E-05,3.26E-06,-2.49E-05,2.07E-05,-3.36E-05,-7.60E-06,-5.09E-05,7.08E-05,0.00031484,0.00036896,0.00027446,0.00032159,0.00032834,0.00035314,0.00038027,0.00035314,0.00039614,0.00034186,0.00034863,0.0003667,0.0003848,0.00034186,0.00037575,0.00039614,0.00040522,0.00040522,0.0003916,0.00040068,0.0003667,0.00038707,0.00040068,0.00037575,0.00037348,0.00037575,0.0004325,0.00042795,0.00043023,0.00043478,0.00037801,0.00044162,0.00040295,0.00042112,0.00043023,0.00045074,0.00042795,0.00038254,0.00042795,0.00041658,0.00040068,0.00047817,0.00044162,0.00046901,0.0004713,0.00045818,0.00043023,0.00046216,0.0005517,0.00043023,0.00047588,0.00043478,0.00047588,0.00040068,0.00037575,0.00035766,0.00029238,0.00030585
-2.00E-05,-4.58E-06,-6.30E-06,1.78E-05,1.95E-05,-6.30E-06,-1.15E-05,4.54E-05,0.00022694,0.00033868,0.00029595,0.0003262,0.00031017,0.00036727,0.0003262,0.00034582,0.00039237,0.00037265,0.00039416,0.00040853,0.00039775,0.00040853,0.00044095,0.00046082,0.00041933,0.00044095,0.00043194,0.00046263,0.00044276,0.00046986,0.00046263,0.00045359,0.00050613,0.00048617,0.00047348,0.00046625,0.0005134,0.00052068,0.0005134,0.00053889,0.00054254,0.0005316,0.00057543,0.00056079,0.00058275,0.00055166,0.00056262,0.00055531,0.00054254,0.00064708,0.00059375,0.00060843,0.00061027,0.00061948,0.00060476,0.00065446,0.00067849,0.00059741,0.00061394,0.0006305,0.00064892,0.00067109,0.0006933,0.00061394,0.00056445,0.00059191
-6.47E-06,-8.23E-06,-1.35E-05,4.12E-06,5.88E-06,1.83E-05,-1.18E-05,5.88E-06,0.00014824,0.00035668,0.00030551,0.00028548,0.00031463,0.00034753,0.00034936,0.00039893,0.00036952,0.00037136,0.00043396,0.00041551,0.00043027,0.00043581,0.00045986,0.00048769,0.00045986,0.00046171,0.00045801,0.00051187,0.00051187,0.00051187,0.00052305,0.00050256,0.00048211,0.00053611,0.00048954,0.00053237,0.00054171,0.00055854,0.00054732,0.00053797,0.00057727,0.0005548,0.00054171,0.0005998,0.00058477,0.00057352,0.0006092,0.00059416,0.00057914,0.00062614,0.00059416,0.00058477,0.0005998,0.00060357,0.00060356,0.00062614,0.00062991,0.00062049,0.00065256,0.00062991,0.00061484,0.00070182,0.00077999,0.00072273,0.00068663,0.00069043
-1.58E-06,-1.90E-05,-1.58E-05,2.54E-05,2.70E-05,-1.58E-05,6.34E-06,-7.92E-06,0.00012114,0.00022269,0.00022593,0.00025839,0.00027955,0.00029749,0.00031873,0.00029096,0.00033018,0.00033182,0.00039919,0.00034985,0.0003597,0.0004256,0.00037449,0.0004438,0.00040414,0.0004223,0.00040909,0.00042064,0.00044215,0.00041569,0.00044546,0.00042726,0.00049194,0.00048695,0.00047697,0.00047033,0.0004936,0.00045208,0.00047864,0.00055536,0.00051859,0.00056373,0.00059562,0.00055703,0.00056038,0.00057044,0.0005973,0.00059394,0.00060739,0.00063266,0.00067154,0.00068001,0.00066307,0.00066774,0.00064448,0.0006834,0.00069527,0.000658,0.00069018,0.00070036,0.00070036,0.00080619,0.00083195,0.0007959,0.00075314,0.00076338
-1.40E-05,1.35E-05,8.93E-06,-2.55E-07,-3.32E-06,-4.85E-06,-1.10E-05,7.40E-06,8.12E-05,0.00017582,0.00020079,0.00020392,0.00021018,0.00024779,0.00024151,0.00024151,0.00027767,0.00027295,0.00034089,0.00030449,0.00030291,0.00035199,0.00031081,0.00035676,0.00032663,0.00037106,0.00031872,0.00034882,0.00036947,0.00037424,0.00039495,0.00037583,0.00043328,0.00040132,0.00042528,0.0004141,0.00044289,0.00045893,0.00045893,0.00046053,0.00048303,0.00047017,0.00048303,0.00049268,0.00051848,0.00048303,0.00052494,0.00051687,0.00052333,0.00058165,0.00052979,0.00059141,0.00056379,0.00057476,0.00055407,0.00058978,0.00063379,0.00057678,0.00062889,0.00059466,0.00060769,0.00070264,0.00077694,0.0006977,0.00069113,0.00065014
1.72E-05,-2.15E-06,-1.18E-05,2.69E-06,-2.15E-06,-3.77E-06,-1.34E-05,-1.34E-05,0.00010493,0.00017698,0.00013926,0.00015236,0.00018685,0.00021651,0.00019014,0.00018356,0.00023798,0.00024129,0.0002446,0.00024626,0.00025288,0.00027609,0.00026945,0.00031769,0.00027609,0.00028772,0.00029271,0.00029271,0.00034774,0.00029604,0.00034774,0.00030769,0.00034941,0.00033604,0.00033771,0.00035443,0.00038964,0.00036615,0.00035945,0.00040644,0.00039635,0.00039972,0.00041149,0.00037453,0.00041823,0.00040308,0.00040813,0.00040981,0.00043002,0.000496,0.00042328,0.00043339,0.00044014,0.00044395,0.00044014,0.00046211,0.0005232,0.00045873,0.00053171,0.00047565,0.00050449,0.00062929,0.00065857,0.00060695,0.00062241,0.00062069
9.75E-06,1.33E-05,-4.69E-05,5.06E-05,-2.21E-05,-4.43E-06,-3.98E-05,7.92E-05,0.0002759,0.00031974,0.00030876,0.00037296,0.00034723,0.00038401,0.00041538,0.00035458,0.00042463,0.00045427,0.00044314,0.00048958,0.00043759,0.00050822,0.00045056,0.00050636,0.00048028,0.00049703,0.00053998,0.00051382,0.00055684,0.00050263,0.00057935,0.00050636,0.00060004,0.00054934,0.00060569,0.00054934,0.00060004,0.00056621,0.00060004,0.00061322,0.00063587,0.00063209,0.00065667,0.00063209,0.0006927,0.00065099,0.00066803,0.00067182,0.0006927,0.00075749,0.0006908,0.00075558,0.00075558,0.00074413,0.00071361,0.00075175,0.00077471,0.00074411,0.00079196,0.00075367,0.00074793,0.00079004,0.00077662,0.00071552,0.00071361,0.00065477
4.37E-05,-2.04E-05,-1.67E-05,5.18E-06,-3.96E-06,-7.61E-06,-2.40E-05,7.01E-06,0.0001842,0.00025896,0.00018792,0.00023835,0.00017489,0.00024396,0.00026647,0.0002159,0.00025896,0.00024584,0.0002815,0.00032484,0.00025896,0.00029655,0.0002721,0.0003022,0.00031163,0.0002721,0.00028338,0.00028338,0.00032295,0.00032672,0.0003532,0.00028714,0.00037026,0.00031729,0.00034752,0.00031729,0.00037595,0.00036267,0.00037405,0.00037975,0.00040065,0.00037215,0.00037595,0.00038354,0.00041779,0.00038924,0.00039875,0.00039494,0.00037595,0.0004732,0.00039304,0.00046171,0.00043495,0.00044212,0.00044641,0.00042541,0.00047129,0.00050583,0.00050967,0.00043877,0.00049046,0.00058688,0.00063154,0.00060434,0.0006121,0.00059076
9.16E-05,2.68E-06,-3.95E-05,-2.34E-05,-3.35E-06,-2.75E-05,-2.75E-05,4.91E-05,8.96E-05,0.00013639,0.00010991,0.00014863,0.00013843,0.00014251,0.00016703,0.00015476,0.00015272,0.00017931,0.00019777,0.00017522,0.00018136,0.00017317,0.00017522,0.00022655,0.00019161,0.00015476,0.00023067,0.00019572,0.00022861,0.00021215,0.00027401,0.00023067,0.00025128,0.00023067,0.00024097,0.00024303,0.00030093,0.00020598,0.00030301,0.0002616,0.00031131,0.00031131,0.0002885,0.00030716,0.00029264,0.00028643,0.00032378,0.00031962,0.00032585,0.00038425,0.00033834,0.00033626,0.00032585,0.00033939,0.00033626,0.00035918,0.00042197,0.0003217,0.00037171,0.0003425,0.00038634,0.00051478,0.00057856,0.00058923,0.00058496,0.0005935
-1.06E-05,-3.10E-05,1.55E-05,9.94E-06,6.21E-06,9.94E-06,-4.58E-05,7.36E-05,0.00017362,0.00020974,0.00014898,0.00018501,0.00020593,0.00025749,0.00025366,0.00024601,0.00025366,0.00020022,0.00023645,0.00023072,0.00021355,0.00020784,0.00028625,0.00023454,0.00025749,0.00025175,0.00028049,0.00026323,0.00028049,0.00026707,0.00028433,0.00027282,0.00028433,0.00027857,0.00028049,0.00030932,0.00028241,0.00032666,0.00026515,0.00028241,0.00029393,0.0003479,0.00031895,0.00035563,0.00034017,0.00033052,0.00035757,0.00034983,0.00039246,0.00040217,0.000375,0.000375,0.00041968,0.00038762,0.000375,0.00038081,0.00043332,0.00039052,0.00038081,0.00041968,0.00040606,0.00048416,0.00055894,0.00052345,0.0005629,0.00054907
2.52E-06,-6.12E-06,-4.06E-05,4.59E-05,2.52E-06,-3.96E-06,1.98E-05,0.00010036,0.00023907,0.00019702,0.00019261,0.00020807,0.00015956,0.00023907,0.00022135,0.0001904,0.00020365,0.00021913,0.00020807,0.00021471,0.00021471,0.00022578,0.00018599,0.00024573,0.00019923,0.00019923,0.00020144,0.00018158,0.00017056,0.00022578,0.00025017,0.00021471,0.00021692,0.00020144,0.00018158,0.00019482,0.00021249,0.00021913,0.00021913,0.00026128,0.00022799,0.00026573,0.00026573,0.00023907,0.00023907,0.00023686,0.00027686,0.00024573,0.00029246,0.00036412,0.00029469,0.00032598,0.00031256,0.00031201,0.00029692,0.00031256,0.00035737,0.00027686,0.00035288,0.00034391,0.00032374,0.00039563,0.00041595,0.00034166,0.00033942,0.00036861
-1.07E-05,2.79E-05,-1.07E-05,2.57E-05,-4.27E-05,1.07E-05,3.43E-05,2.36E-05,0.00021006,0.00037805,0.00025178,0.00029147,0.00031359,0.000358,0.00030252,0.00031802,0.0004071,0.00033355,0.00036468,0.0003491,0.00034243,0.00036245,0.00037137,0.000358,0.00038921,0.00038029,0.00040486,0.0004071,0.00037137,0.00038921,0.00041381,0.00037137,0.0004295,0.00036245,0.00036468,0.00043847,0.0004295,0.00042053,0.00038029,0.00043623,0.00047221,0.00045195,0.0004587,0.00041605,0.00045645,0.00043847,0.00046545,0.00046996,0.0004632,0.0005605,0.00049025,0.00053778,0.00048123,0.0004937,0.00044521,0.00051059,0.00053778,0.00053324,0.00051059,0.00051059,0.00050381,0.00048123,0.00043847,0.00036914,0.00035133,0.00033799
1.45E-05,6.19E-06,1.24E-05,8.26E-06,-1.65E-05,-2.47E-05,-2.68E-05,1.03E-05,0.00025521,0.00028282,0.00025097,0.00029134,0.00026582,0.00035114,0.00031052,0.00030412,0.00038763,0.00035757,0.00037044,0.00035757,0.00039409,0.00037903,0.00035971,0.00039193,0.00038548,0.00041348,0.00043723,0.00043075,0.00045888,0.00044156,0.00045454,0.00040701,0.00044156,0.00041563,0.00040485,0.00046538,0.00044588,0.00050667,0.00045238,0.00047623,0.00050885,0.00046972,0.00049361,0.00049361,0.00046321,0.00047623,0.00053285,0.00049797,0.00049361,0.00057224,0.00058102,0.00054815,0.0005569,0.00054323,0.00053066,0.00053721,0.00057443,0.00056128,0.0006096,0.00058102,0.00054815,0.00051757,0.00047406,0.00037259,0.00036615,0.00032119
-2.66E-05,2.43E-05,-1.45E-05,-1.21E-05,-2.42E-05,5.35E-05,-4.11E-05,5.84E-05,0.00024067,0.00028055,0.00025063,0.0002084,0.00025561,0.0003231,0.00029805,0.00029555,0.00027057,0.0003206,0.00029055,0.00027057,0.00027057,0.00028805,0.00027556,0.00032561,0.00029055,0.00029305,0.00033314,0.00033314,0.0003231,0.0003231,0.00033566,0.00030556,0.00030055,0.00031057,0.00030055,0.00031307,0.00029555,0.00038603,0.00033314,0.00033566,0.00037593,0.00038855,0.00041384,0.00037341,0.00036333,0.00040625,0.00042144,0.00035074,0.00036333,0.00044682,0.00043666,0.00043666,0.00042398,0.00044048,0.00045445,0.00044682,0.00046208,0.0004519,0.00046462,0.00040878,0.00047227,0.00030556,0.00029805,0.00026308,0.00024067,0.00024067
-2.68E-05,4.69E-05,-9.94E-07,-2.98E-06,1.29E-05,-2.88E-05,-4.97E-06,0.00020016,0.00040396,0.00039356,0.00035412,0.00040813,0.00039356,0.00049187,0.00045199,0.0004123,0.0004269,0.00045409,0.00049818,0.00044153,0.00044362,0.00046037,0.00049397,0.00049187,0.00046457,0.0004499,0.00045618,0.00048136,0.00049607,0.00046666,0.00049818,0.00048556,0.00047086,0.0005066,0.00050028,0.00046247,0.00053192,0.00058065,0.00049397,0.00050239,0.00054672,0.00051925,0.00053192,0.00055519,0.00053615,0.00054461,0.00056367,0.0005277,0.00051503,0.00053615,0.00052981,0.00051292,0.00053192,0.0005383,0.0005277,0.00058065,0.00059128,0.00049818,0.0005277,0.00053615,0.00057215,0.00055731,0.00057428,0.00050028,0.00044362,0.00043526
1.94E-05,-3.54E-05,1.06E-05,2.38E-05,-4.75E-06,-1.35E-05,1.06E-05,0.00015454,0.00047759,0.00057314,0.00045907,0.00049151,0.00048919,0.0005708,0.00047759,0.00051476,0.00051243,0.00047991,0.00055676,0.00049383,0.00048223,0.00053107,0.00047528,0.0005591,0.00048455,0.0005008,0.00047296,0.00045445,0.0004429,0.00047528,0.00046833,0.00051243,0.00047759,0.00048455,0.00045676,0.00051243,0.00048223,0.00050313,0.00048455,0.00051243,0.0005101,0.00055442,0.00053807,0.00055208,0.00054273,0.0005591,0.00050313,0.00054741,0.0005591,0.00050545,0.00058487,0.00057783,0.00054273,0.00057023,0.00057549,0.00058487,0.00057549,0.00055208,0.00058252,0.0005591,0.00055676,0.00046138,0.00046601,0.00038308,0.00034875,0.00039684
-1.61E-05,3.06E-05,-1.97E-05,1.62E-05,3.59E-06,-1.44E-05,-1.08E-05,5.22E-05,0.00034457,0.00048228,0.00037832,0.00045759,0.00042541,0.00050132,0.00050323,0.00049941,0.00051086,0.00051467,0.00054527,0.00054911,0.00052996,0.00055678,0.00056062,0.00057599,0.00059524,0.00059524,0.00060874,0.00058176,0.00064162,0.0006126,0.00064743,0.00061453,0.00065325,0.00064355,0.00066684,0.00064937,0.00066684,0.00067073,0.00062419,0.00068825,0.00064743,0.00064355,0.0006649,0.00066102,0.00063193,0.00065131,0.00063774,0.00069215,0.00066102,0.00064743,0.00068241,0.0006941,0.00070385,0.00069069,0.00068241,0.00068241,0.00067073,0.0006863,0.00072143,0.00068241,0.0007058,0.0007469,0.00074297,0.00069604,0.00064937,0.00063
9.93E-06,1.99E-05,2.19E-05,1.79E-05,-7.94E-06,-6.13E-05,-5.34E-05,5.78E-05,0.00023161,0.00038836,0.00039461,0.00040921,0.0003842,0.00046997,0.00043639,0.00047839,0.00048681,0.0004826,0.00051214,0.00054815,0.00053542,0.00051002,0.00055239,0.00058645,0.00054815,0.00057153,0.00058858,0.00062278,0.00060139,0.00062064,0.00068944,0.00061422,0.00065282,0.00065497,0.00066573,0.00065067,0.00070889,0.00062706,0.00066788,0.00069592,0.00067219,0.00065927,0.00067865,0.00071539,0.00070889,0.00071322,0.00070024,0.00072406,0.00072189,0.00078061,0.00073273,0.00077843,0.00074576,0.00075341,0.00071755,0.00077188,0.00079153,0.00078498,0.00075011,0.00077843,0.00081341,0.00084194,0.00087939,0.00078934,0.00072189,0.00065497
-3.91E-07,2.08E-05,-2.38E-05,4.30E-06,-1.91E-05,1.84E-05,-5.65E-05,3.02E-05,0.00026688,0.00062391,0.00050817,0.00050317,0.00052067,0.00056332,0.00058347,0.00058599,0.00058347,0.00056835,0.00060114,0.00061885,0.00065183,0.00063152,0.00064421,0.00065183,0.00069005,0.00068495,0.00069516,0.00069516,0.0007182,0.00071051,0.00071051,0.00067474,0.00071563,0.0006671,0.00073615,0.00069005,0.00075158,0.00070283,0.00075158,0.00071307,0.00070795,0.00073615,0.00074901,0.00075415,0.00073872,0.00072332,0.00070028,0.00072845,0.00074129,0.00074901,0.00072332,0.00074129,0.00072845,0.00073234,0.00069772,0.00076188,0.00078768,0.0007182,0.00073102,0.00071307,0.00077477,0.00056835,0.00051567,0.00046331,0.00039156,0.00031799
-2.06E-05,3.04E-05,-1.82E-05,4.99E-05,8.49E-06,-4.96E-05,-2.54E-05,0.00010865,0.00036082,0.00055325,0.00046289,0.00050408,0.00049118,0.00056364,0.00055066,0.00057145,0.00063412,0.00059229,0.00062626,0.00061318,0.00061579,0.0005975,0.00065775,0.00069464,0.00071844,0.00067617,0.00069728,0.00069464,0.00070256,0.00074496,0.00080094,0.00069992,0.00073699,0.00075825,0.00073699,0.00076624,0.00078757,0.00074496,0.00077423,0.00078757,0.0007769,0.00072904,0.00076624,0.00080896,0.00079024,0.00076624,0.00076624,0.00077957,0.0007423,0.00076358,0.00079559,0.00079024,0.00080361,0.00078426,0.00075028,0.00079292,0.00075028,0.00079559,0.00074762,0.00073699,0.00079292,0.00064199,0.0005975,0.00053769,0.00046546,0.00046032
-2.56E-05,-1.86E-05,2.10E-05,3.50E-05,-2.33E-06,-9.30E-06,2.80E-05,5.84E-05,0.0002914,0.00024569,0.00025529,0.00026971,0.00031797,0.0003204,0.00033979,0.00040068,0.00036652,0.00039579,0.00038847,0.00035679,0.00037871,0.00040068,0.00042517,0.00044235,0.00042272,0.00040313,0.00045957,0.00042517,0.00043744,0.00043989,0.00050402,0.00045465,0.00042762,0.00045219,0.00049659,0.00045465,0.00044481,0.00046203,0.00048176,0.00051889,0.00052385,0.00050897,0.00055369,0.00056615,0.00050649,0.00051145,0.00050897,0.00052385,0.00054622,0.0005512,0.00056615,0.00061619,0.00057364,0.00056063,0.00053378,0.00051889,0.00052385,0.00057613,0.00055618,0.00055618,0.00057364,0.00057114,0.00045219,0.00040068,0.00039579,0.00038847
2.29E-05,2.04E-05,-4.93E-05,1.29E-05,-2.08E-06,-4.57E-06,-6.42E-05,-3.19E-05,0.00013113,0.00020495,0.00021006,0.00023056,0.00021774,0.00020239,0.00025882,0.0002614,0.0002846,0.00022543,0.00024596,0.00026397,0.00025368,0.00029753,0.00032083,0.00031047,0.0002614,0.00030011,0.00029494,0.00029494,0.00031565,0.00028202,0.00033901,0.00030011,0.00034681,0.0003027,0.00033641,0.00037026,0.00034681,0.00039378,0.00038855,0.00036244,0.00043312,0.00037548,0.00038855,0.00045945,0.00044364,0.00043312,0.00042786,0.00041998,0.00045154,0.00048852,0.00053097,0.00048852,0.00047265,0.00046475,0.00045682,0.00044101,0.00045945,0.00047794,0.00043838,0.00044891,0.00043575,0.00043838,0.00050972,0.00043575,0.00036504,0.00038855
4.22E-05,2.15E-05,-6.86E-06,8.58E-06,-2.23E-05,-4.28E-05,-6.84E-05,7.07E-05,0.00040177,0.00050236,0.00043426,0.00046415,0.00043969,0.0004696,0.00050783,0.00053799,0.00056825,0.00052975,0.00049142,0.00050783,0.00056825,0.0005655,0.00059033,0.0006097,0.00057928,0.00051604,0.00055999,0.00057653,0.00055448,0.00057653,0.00060416,0.00060693,0.00061801,0.00060416,0.00062356,0.00059586,0.00055723,0.00057101,0.00062356,0.00060693,0.00058205,0.00055173,0.00061247,0.00054898,0.00055448,0.0005655,0.00053799,0.00059586,0.0005655,0.00059586,0.00059033,0.00058481,0.00062634,0.00058898,0.00057377,0.00057101,0.00065135,0.00060139,0.00058481,0.00057928,0.00061524,0.00049689,0.0004424,0.00036671,0.00035327,0.00032109
4.98E-05,2.64E-05,-2.16E-06,4.98E-05,-5.90E-05,-6.41E-05,-5.12E-05,6.29E-05,9.69E-05,8.90E-05,0.00015474,0.00014419,0.00016266,0.00016795,0.00016002,0.00022099,0.00019178,0.00017059,0.00021302,0.0001521,0.00023431,0.00016531,0.00024231,0.00022898,0.00022366,0.000261,0.00019974,0.00030388,0.00026902,0.00018383,0.00022632,0.00019708,0.00024497,0.00025298,0.00025298,0.00024497,0.00024764,0.00021302,0.00024764,0.00027973,0.00025298,0.00024497,0.00028778,0.00029046,0.00025298,0.00027705,0.00026902,0.00026635,0.00022632,0.00029046,0.00033079,0.00028509,0.00030926,0.00028444,0.00025833,0.00028509,0.00028509,0.00029046,0.00022898,0.0003012,0.00034158,0.00034428,0.00032541,0.00032002,0.00027705,0.00031464
-6.33E-05,7.43E-05,-5.09E-05,2.40E-05,3.65E-05,-1.98E-05,-3.22E-05,4.28E-05,0.00026232,0.00028168,0.00020772,0.00029137,0.00023337,0.0002946,0.00028814,0.00028168,0.00027522,0.00026555,0.00030431,0.00028814,0.00033675,0.00030755,0.00032376,0.00029137,0.00033675,0.00033025,0.00034651,0.00032701,0.0003335,0.00028491,0.00044796,0.00032701,0.00034325,0.00035627,0.00033675,0.00026232,0.00032376,0.00036605,0.00033675,0.00040527,0.00042167,0.00035302,0.00036605,0.00036605,0.00037911,0.00037258,0.00035953,0.00035953,0.00035953,0.000402,0.00044467,0.00047434,0.00044796,0.00042423,0.00041183,0.00036279,0.00039872,0.00044796,0.00036931,0.00040855,0.00039545,0.00035627,0.00031403,0.00028814,0.00024301,0.00020772
1.19E-05,-4.68E-05,-5.15E-07,2.42E-05,3.98E-05,-2.83E-05,-2.52E-05,-5.60E-05,0.00027261,0.00028538,0.00022174,0.00029816,0.00027261,0.00034626,0.00033662,0.00029496,0.00037202,0.00036235,0.00036558,0.00033983,0.00036558,0.00031737,0.00035591,0.00034305,0.00043351,0.00039463,0.00038816,0.0004693,0.00043351,0.0003688,0.00044976,0.00042702,0.00042377,0.00038816,0.00039786,0.00040757,0.00044976,0.00035591,0.0003817,0.00042053,0.00045627,0.00043026,0.00048562,0.00040757,0.00034626,0.00044,0.00037202,0.00044325,0.00044,0.0003688,0.00047256,0.00046278,0.00045952,0.00043679,0.00040757,0.00041729,0.00034626,0.00041729,0.00037848,0.00041729,0.00038493,0.00034305,0.00026305,0.00028857,0.0002154,0.0002059
1.21E-05,-2.99E-05,6.37E-06,1.98E-05,2.36E-05,-3.18E-05,-7.00E-06,8.13E-05,0.00034382,0.00032195,0.00026063,0.00027444,0.00027049,0.000316,0.00034979,0.00036974,0.00030807,0.00030609,0.00030609,0.00033189,0.00034183,0.00034382,0.00036974,0.00035776,0.00032593,0.00033785,0.0003478,0.00037173,0.00036375,0.00035976,0.00039773,0.00035577,0.00038772,0.00040375,0.00036375,0.00038172,0.00039173,0.0004198,0.00037972,0.00044595,0.00040575,0.0004198,0.00042583,0.00042583,0.00039173,0.00038372,0.00042784,0.00041578,0.00043991,0.00044595,0.00042985,0.00044998,0.00049444,0.00045657,0.00042784,0.00045401,0.00045401,0.00042583,0.00043789,0.00048027,0.00048836,0.000621,0.00062305,0.00059021,0.00057383,0.00058406
-2.87E-07,-2.44E-05,1.35E-05,4.88E-06,1.01E-05,-3.73E-06,1.01E-05,4.46E-05,0.00031041,0.00027114,0.00024448,0.00025158,0.0002658,0.00033011,0.0002747,0.00029075,0.00029611,0.00031756,0.00034087,0.00029789,0.00032652,0.00032473,0.00039492,0.00035705,0.00033728,0.00034986,0.00035345,0.00038408,0.00037867,0.00037326,0.00040215,0.00039673,0.00040939,0.00038408,0.00037687,0.00041482,0.00043841,0.00039492,0.00042207,0.00046206,0.00042933,0.00041845,0.00047483,0.00046024,0.00042389,0.00043296,0.00043841,0.00045114,0.00046206,0.00052057,0.00046753,0.00049493,0.00050774,0.00049587,0.00045842,0.00052241,0.00050957,0.0005114,0.00047665,0.00047118,0.00055183,0.00066493,0.00065187,0.00063512,0.00061839,0.00063698
1.74E-05,2.96E-05,5.10E-06,-3.56E-05,-4.17E-05,2.55E-05,-2.14E-05,0.0001016,0.00031706,0.00025373,0.00027058,0.0002959,0.0003213,0.00038087,0.00034465,0.00032766,0.00034678,0.00039583,0.00038087,0.00039583,0.0004151,0.00037874,0.00043012,0.00046239,0.00043227,0.00045593,0.00047318,0.00047102,0.00050128,0.00048182,0.00050345,0.00048614,0.00050562,0.000536,0.00047318,0.00053818,0.00052297,0.00049912,0.00053165,0.00054035,0.00050778,0.00052079,0.00055341,0.00056868,0.00051862,0.00053383,0.00055777,0.0005796,0.00054688,0.00053818,0.00062122,0.00057305,0.00060148,0.00059877,0.00059053,0.00063001,0.00056868,0.00063661,0.00054035,0.00063881,0.00065643,0.00079648,0.00082342,0.00081668,0.00078528,0.00083692
-1.08E-05,1.82E-05,1.60E-05,2.05E-05,-8.55E-06,-3.53E-05,1.38E-05,5.86E-05,0.00029772,0.00046795,0.00041629,0.00043973,0.00034867,0.00048209,0.00041629,0.00043973,0.0004327,0.0004868,0.00045618,0.0005057,0.00048209,0.00049153,0.0005199,0.00056741,0.00052227,0.00052938,0.0005365,0.00057217,0.00058171,0.00056979,0.00063434,0.00057217,0.00060798,0.00060798,0.00061516,0.00063434,0.00068005,0.00065115,0.00069212,0.00064875,0.00070904,0.00066318,0.00064635,0.00068246,0.00067523,0.00066077,0.00066318,0.00070178,0.00067523,0.00070904,0.00069453,0.00072115,0.00067041,0.00071878,0.00072842,0.00075514,0.00075757,0.00074298,0.00072842,0.00074298,0.00077462,0.00093449,0.0010193,0.0009668,0.00090723,0.00086035
-2.20E-05,3.71E-05,3.28E-06,-1.92E-05,8.92E-06,-7.97E-06,-3.32E-05,2.30E-05,0.00018245,0.00035359,0.00038586,0.00033312,0.00034774,0.00043893,0.00045372,0.00042416,0.00052806,0.00048041,0.000546,0.00047744,0.00056097,0.00055797,0.000546,0.00061507,0.00058197,0.00060302,0.00064224,0.00061808,0.00068467,0.00067556,0.0007273,0.0006604,0.00073646,0.0007212,0.0006604,0.00075175,0.0007151,0.0006786,0.00076093,0.00077319,0.00082857,0.00082857,0.000807,0.00075481,0.00074869,0.00079162,0.00075787,0.00080084,0.00077933,0.00084092,0.0008224,0.00088739,0.0008502,0.00087112,0.00085639,0.0008905,0.00094971,0.0008224,0.00092473,0.00084711,0.00098103,0.0011201,0.0010978,0.0011169,0.0010598,0.0010345
1.61E-05,-2.66E-05,3.75E-07,7.13E-06,-3.55E-05,3.87E-05,-3.33E-05,0.0001524,0.00052862,0.00061493,0.0005573,0.00056928,0.00061734,0.00069234,0.00064388,0.00066324,0.00064388,0.00065597,0.0007118,0.0007191,0.00072154,0.00067535,0.00075817,0.00078267,0.00074106,0.00076062,0.00075328,0.00075817,0.00078267,0.00081954,0.00079986,0.00080969,0.000822,0.00085162,0.00077776,0.00086398,0.00086398,0.00086398,0.00082447,0.00089621,0.00091113,0.00088877,0.00089125,0.00084421,0.00088629,0.0008838,0.00087389,0.00089373,0.00089373,0.00088629,0.00091113,0.00095101,0.00093853,0.00095353,0.00093853,0.00098606,0.00095101,0.00092108,0.00096101,0.00097102,0.0010011,0.00097603,0.0010363,0.0010087,0.00086398,0.00085656
-4.39E-06,2.96E-05,-3.26E-05,8.79E-06,-6.28E-07,-6.28E-07,-3.63E-05,5.42E-05,0.00028059,0.00031759,0.00036846,0.00040779,0.00041963,0.0004473,0.00046513,0.00049095,0.000483,0.00053681,0.00057487,0.00054081,0.00051884,0.00055282,0.00054481,0.00059698,0.00060302,0.00060503,0.000601,0.00064742,0.00065147,0.00067173,0.00069204,0.00069611,0.00067985,0.00072463,0.00068391,0.00074096,0.00072055,0.00067376,0.00072871,0.00076757,0.00073279,0.00076347,0.00073892,0.00070832,0.00073892,0.00076347,0.00074096,0.00080248,0.00082927,0.00082102,0.00083546,0.00086442,0.00088723,0.00086701,0.00086028,0.00085614,0.00080248,0.00084373,0.0008582,0.00088723,0.00083753,0.00091218,0.00091426,0.00084786,0.00076143,0.0007471
2.54E-05,5.08E-06,-1.73E-05,-9.14E-06,-2.13E-05,1.73E-05,-2.33E-05,4.38E-05,0.00022749,0.00029238,0.00029238,0.00034506,0.00031552,0.00037681,0.00036833,0.0003938,0.0003938,0.00040443,0.00040656,0.00041507,0.0004642,0.00043213,0.0004835,0.00051145,0.00052438,0.00048994,0.00050284,0.00054597,0.00052438,0.00052438,0.00052222,0.00056327,0.0005438,0.00060017,0.0005893,0.00062848,0.00062848,0.00058713,0.00061758,0.00063066,0.0005893,0.00064595,0.00063721,0.00062848,0.00062848,0.00063284,0.00063066,0.00067221,0.00066126,0.00071176,0.00075589,0.00072718,0.00077139,0.00073438,0.00070735,0.00073159,0.00077139,0.00071176,0.00075811,0.00073601,0.00080025,0.00093913,0.00094816,0.00092335,0.00083812,0.00082696
9.97E-05,-3.15E-05,-2.28E-05,-7.62E-06,-1.63E-05,-2.07E-05,-6.19E-05,0.0001173,0.00041795,0.00044536,0.00035657,0.0004385,0.00044079,0.00048434,0.0004591,0.00050734,0.00045223,0.00049353,0.0005304,0.00054427,0.00052117,0.00056742,0.0005489,0.00061857,0.00055584,0.00060459,0.00056742,0.00062557,0.00061158,0.0006349,0.00061624,0.00065594,0.00066297,0.00067938,0.00060692,0.00071464,0.00072171,0.00074768,0.00069582,0.00078083,0.00078083,0.00074059,0.00073823,0.00077372,0.00073115,0.00074295,0.00073351,0.00079507,0.00079745,0.00075477,0.00082363,0.00082124,0.00082839,0.00083198,0.00085466,0.00082363,0.00084988,0.00086901,0.00083555,0.00086662,0.00093389,0.0010114,0.001026,0.00095803,0.00089299,0.00086662
-2.53E-05,2.30E-06,1.42E-05,-1.64E-06,1.81E-05,-7.56E-06,3.00E-05,4.19E-05,0.00036963,0.00065306,0.00057018,0.00055118,0.00059772,0.00065306,0.00064026,0.00063386,0.00068944,0.00066374,0.00068515,0.00069373,0.00071737,0.00070017,0.00071737,0.0007346,0.0006873,0.00074539,0.00076917,0.00080171,0.00078651,0.00078651,0.00079954,0.00077784,0.00077567,0.00077567,0.00077567,0.00078434,0.00079302,0.00078,0.00076484,0.00075187,0.00079736,0.00074539,0.00073245,0.00072598,0.00072813,0.00073891,0.00071522,0.00078,0.00071092,0.00074539,0.0007735,0.00074755,0.0007346,0.00073568,0.00072813,0.00073245,0.00075403,0.00070017,0.00075403,0.00071307,0.0006723,0.00051119,0.00057865,0.00050909,0.00041309,0.00042555
1.11E-05,5.23E-06,-1.24E-05,5.23E-06,-6.54E-07,-8.49E-06,9.16E-06,8.02E-05,0.00054992,0.00069222,0.00056889,0.00061969,0.00063031,0.00067296,0.0007008,0.00071583,0.00072013,0.00071583,0.00072658,0.0007352,0.00078274,0.00074598,0.00079358,0.00075677,0.0008001,0.0008262,0.00078491,0.00083711,0.00085458,0.00082838,0.00086334,0.00084803,0.00086991,0.0008721,0.00086334,0.00088745,0.00085458,0.00080444,0.00082402,0.00091385,0.00084147,0.00083056,0.00085677,0.00083274,0.00082402,0.00081532,0.00081096,0.0008262,0.00083929,0.00077624,0.00079792,0.00084584,0.00080879,0.00081316,0.00080444,0.00079358,0.00082838,0.00081532,0.00083274,0.00079575,0.00075245,0.0006751,0.00064734,0.00055834,0.0005247,0.00044537
1.74E-05,2.26E-05,-2.42E-05,-2.17E-05,-8.67E-06,1.48E-05,-4.24E-05,8.55E-05,0.00043013,0.00065369,0.00055789,0.00050208,0.00046602,0.00056349,0.00056349,0.00056069,0.00054949,0.00056349,0.00060846,0.00057752,0.0005972,0.00052436,0.0005663,0.00060001,0.00056069,0.00058594,0.00058876,0.00060564,0.00060846,0.00062539,0.00062257,0.00064236,0.00060283,0.00064519,0.0006367,0.00063105,0.0006622,0.00057752,0.00057752,0.00057471,0.0005467,0.0005972,0.00059438,0.00059157,0.00056069,0.00061128,0.00058876,0.0005719,0.00058594,0.00053273,0.00065653,0.00065086,0.0005663,0.00058814,0.0005719,0.00056349,0.00054111,0.00061128,0.00055229,0.00055789,0.00059157,0.00048265,0.00042463,0.00038619,0.00034522,0.00031803
2.63E-05,-1.18E-05,-2.20E-05,1.35E-05,3.38E-06,-9.30E-06,-9.30E-06,3.14E-05,0.00042919,0.00062521,0.00057847,0.00051026,0.00049397,0.00059219,0.00059219,0.00063072,0.00059219,0.00059219,0.00061694,0.0006473,0.00068056,0.00066114,0.00069724,0.00071117,0.00070281,0.00071396,0.00075311,0.00073071,0.00070559,0.00075872,0.00078401,0.00080938,0.00083767,0.00080938,0.00078964,0.00077838,0.0007391,0.0007981,0.0007981,0.00084618,0.00082352,0.00082069,0.00087461,0.0007981,0.00081221,0.0007812,0.00082635,0.00080374,0.00080374,0.00083484,0.00087176,0.00086038,0.0008547,0.00083913,0.00079528,0.00084618,0.00083484,0.00078682,0.0007981,0.00082352,0.00085186,0.00075031,0.00063901,0.00056478,0.00052657,0.00048856
3.40E-05,4.49E-06,-5.17E-05,9.40E-06,1.43E-05,-1.02E-05,-1.75E-05,9.40E-06,0.00034559,0.00043596,0.00046198,0.00044896,0.00041003,0.00046981,0.00049594,0.00048809,0.00049856,0.00053532,0.00050642,0.00049594,0.00054849,0.00051692,0.00058814,0.00054849,0.00056168,0.00052742,0.00060937,0.00054058,0.00057754,0.00059079,0.00059079,0.00064132,0.00059344,0.00059609,0.00057225,0.00059874,0.00061734,0.00061468,0.00063599,0.00057225,0.00064933,0.00060937,0.00063599,0.00066003,0.00063332,0.00059874,0.00062533,0.00060937,0.00059874,0.00056696,0.0005749,0.00060937,0.00063066,0.00060211,0.00060937,0.00055904,0.00054322,0.00060671,0.00050642,0.00060937,0.00056961,0.00048809,0.00039193,0.00032253,0.00029699,0.00030464
6.68E-06,-6.07E-05,4.69E-05,4.44E-05,-4.08E-05,4.18E-06,4.18E-06,5.45E-05,0.00047516,0.0004352,0.00041397,0.00045648,0.00045382,0.00050728,0.00053147,0.00059091,0.00062353,0.00052609,0.00055573,0.00053954,0.00057194,0.00056924,0.00056924,0.00061536,0.00057465,0.00059905,0.00061808,0.0006208,0.00061536,0.00065355,0.0006317,0.0006645,0.00066998,0.00063716,0.00065355,0.00065355,0.0006317,0.00068644,0.00062353,0.00065355,0.0006645,0.00062898,0.00064262,0.0006645,0.00067272,0.00064262,0.00065355,0.0006645,0.00064262,0.00070294,0.00065629,0.00070019,0.00069194,0.00065027,0.00060448,0.00060448,0.00059905,0.00066724,0.00062898,0.00066998,0.00066998,0.00056113,0.00055033,0.00044849,0.0003559,0.00041397
5.56E-05,-1.35E-06,-1.22E-05,2.84E-05,-1.22E-05,-5.79E-05,-4.45E-05,8.29E-05,0.00052757,0.00059158,0.00047558,0.00051598,0.00058282,0.0006062,0.0005799,0.00066202,0.00063259,0.00056533,0.00063553,0.00057407,0.00064729,0.0005799,0.00064435,0.0007123,0.00064141,0.00067677,0.00066497,0.00067973,0.00071824,0.00069156,0.00075097,0.00071527,0.00066792,0.00074203,0.00073905,0.00068564,0.00068564,0.00069452,0.00075694,0.00075097,0.00074203,0.00069452,0.00070933,0.0007331,0.00067677,0.0007331,0.00064729,0.00070044,0.00068564,0.00064141,0.0007034,0.00074799,0.00067973,0.000685,0.00067087,0.00064141,0.00071824,0.00078085,0.00068564,0.00064141,0.00069452,0.0005799,0.00049864,0.00039826,0.00038118,0.00039257
-4.13E-07,2.44E-05,1.70E-05,1.45E-05,-5.37E-06,-4.98E-05,-1.28E-05,6.68E-05,0.00044637,0.00046479,0.00048591,0.00049384,0.00045952,0.00045163,0.00056828,0.00050178,0.00053363,0.00056294,0.00058433,0.000587,0.00059504,0.00059772,0.00066505,0.0006192,0.00065154,0.00062997,0.00068672,0.00065154,0.00067588,0.00068943,0.0006813,0.00072206,0.0007003,0.00073843,0.00074116,0.00071934,0.00077126,0.0007357,0.00071934,0.00077949,0.00073843,0.00072479,0.00076304,0.00077675,0.00074116,0.00071389,0.00077126,0.00078773,0.00072206,0.00074936,0.00075209,0.00079048,0.00073297,0.00074123,0.00074116,0.0007003,0.00073843,0.00075756,0.00070573,0.00070573,0.0007357,0.0007003,0.00062997,0.0005496,0.00051239,0.00048591
1.71E-05,1.71E-05,-2.93E-05,4.89E-06,1.22E-05,-2.20E-05,-1.71E-05,2.94E-05,0.00022816,0.00024831,0.00020304,0.00026094,0.00024831,0.00031162,0.00025084,0.00028117,0.00032944,0.00030146,0.00030146,0.00030146,0.00032944,0.0003934,0.00034219,0.00040111,0.00037031,0.00035752,0.00041912,0.00036008,0.00039854,0.00035241,0.00042428,0.00038826,0.00041912,0.00039597,0.00042428,0.00044752,0.0004346,0.0004864,0.00036775,0.00047601,0.00046564,0.00045787,0.00049679,0.00042428,0.0004812,0.00047341,0.00043202,0.00046564,0.0004114,0.00047082,0.00050721,0.00047341,0.00051503,0.00047993,0.00047341,0.00045787,0.00049419,0.00049419,0.00050981,0.00042428,0.00048899,0.00044752,0.0004114,0.000378,0.00037031,0.00037031
-1.10E-05,3.30E-05,4.95E-05,-4.37E-05,-2.74E-06,-2.46E-05,-5.46E-05,3.30E-05,0.00013548,0.00017742,0.00023934,0.00021959,0.00023369,0.00030175,0.00024783,0.00028184,0.000316,0.0002989,0.00032171,0.00028468,0.00036465,0.00032171,0.00036178,0.00038189,0.00038189,0.00035605,0.00038477,0.00039917,0.00043094,0.00038765,0.00045123,0.00036752,0.00041071,0.00044833,0.00040205,0.00042516,0.00042516,0.00044253,0.00044543,0.00045703,0.00046284,0.00051239,0.00052702,0.00047739,0.0005241,0.00049779,0.00049779,0.00046284,0.00050947,0.00050947,0.00049779,0.00048612,0.00055049,0.00049639,0.00046575,0.00048321,0.00057402,0.00051532,0.00041649,0.00055637,0.00050363,0.00057108,0.00055931,0.00045413,0.00042805,0.00042227
1.07E-06,2.88E-05,1.60E-05,-1.07E-06,-1.60E-05,-2.87E-05,-6.48E-05,0.00010846,0.00025036,0.00029455,0.00028348,0.00030786,0.00033232,0.00038594,0.00036132,0.000339,0.00038594,0.00039716,0.00044672,0.00039492,0.00043769,0.00043994,0.0004535,0.00050569,0.00043317,0.00047388,0.00048523,0.0005148,0.00054907,0.00055365,0.00056511,0.00057429,0.00055823,0.00055365,0.00053306,0.00055136,0.00056282,0.00059729,0.00062267,0.00063886,0.00063423,0.00061113,0.00065045,0.00066205,0.00062729,0.00062498,0.00066902,0.0006667,0.00066205,0.00063655,0.00071097,0.00068298,0.00071565,0.00069115,0.00069463,0.00067135,0.00069463,0.00073203,0.00068298,0.0007461,0.00074375,0.00091929,0.0009409,0.00095294,0.00088101,0.00090731
2.22E-05,1.32E-05,-1.38E-05,-2.99E-06,1.68E-05,-3.52E-05,-1.56E-05,6.74E-05,0.00033641,0.00035894,0.00033641,0.00034016,0.00040607,0.00038907,0.00036646,0.00041742,0.00043068,0.00044207,0.00046299,0.00047252,0.00047061,0.0004668,0.00049925,0.00051457,0.00052991,0.00052991,0.00055684,0.00055106,0.00055876,0.00056069,0.00056262,0.0005684,0.00057419,0.00059739,0.00056647,0.00060127,0.0006032,0.00061484,0.00062066,0.00064204,0.00061872,0.00063815,0.00067325,0.00065763,0.00069282,0.00065958,0.00065178,0.00069282,0.00070066,0.00061678,0.00071243,0.00071439,0.00071046,0.00070508,0.00068498,0.00071046,0.00071243,0.00070066,0.00067716,0.00072029,0.00075377,0.00085504,0.00086703,0.00081716,0.00075574,0.00074588
-1.26E-05,4.75E-05,-3.18E-05,3.78E-05,-1.84E-05,-2.22E-05,6.77E-06,-1.26E-05,0.0002404,0.00030839,0.00025436,0.00029836,0.00032447,0.00037897,0.00036885,0.00037492,0.00037897,0.00041549,0.00041753,0.00041143,0.00045014,0.00046854,0.0004379,0.00054049,0.00049519,0.00050341,0.00050547,0.00053842,0.00050752,0.00055082,0.00055288,0.00058395,0.00056323,0.00060889,0.00057773,0.00059226,0.00059849,0.00062764,0.00062555,0.00069045,0.00065271,0.00064852,0.00066946,0.00070096,0.00064225,0.00067995,0.00064016,0.00066736,0.00067575,0.00057773,0.00068624,0.00072835,0.00070938,0.00070151,0.00069465,0.00067365,0.00065689,0.00070306,0.00063181,0.00072624,0.00074103,0.00083455,0.00077704,0.00076431,0.00067575,0.00069465
-1.40E-05,3.03E-05,1.03E-05,-1.62E-05,-4.49E-05,3.48E-05,-5.37E-05,0.00015809,0.00055241,0.00080639,0.00065784,0.00068684,0.00065784,0.00072324,0.00074273,0.00075249,0.00074029,0.00069896,0.00074029,0.00066991,0.00077939,0.00076715,0.00072568,0.00077939,0.00075249,0.0007892,0.00081869,0.00079902,0.00083594,0.0007941,0.00081869,0.00082854,0.00081623,0.00080393,0.00080393,0.00085323,0.00086561,0.00083594,0.00085076,0.00086808,0.00086313,0.00084088,0.00084829,0.0009153,0.00085076,0.00082361,0.00085323,0.00084829,0.00088296,0.00083101,0.00088545,0.00089041,0.0008929,0.00087926,0.00088048,0.00085323,0.00081623,0.00086561,0.00081376,0.00087056,0.00085818,0.00075493,0.00080639,0.00075982,0.00066025,0.00063135
1.15E-05,3.78E-05,-2.42E-05,1.39E-05,-4.32E-05,4.37E-06,-1.47E-05,1.15E-05,0.00040078,0.00084786,0.00081336,0.00069511,0.00068208,0.0007422,0.00078957,0.00074482,0.00072124,0.0007422,0.0007422,0.00076322,0.00078165,0.00076848,0.00076848,0.00077638,0.00079749,0.00075796,0.00086649,0.00079485,0.00083192,0.00078957,0.00083723,0.00083988,0.00083457,0.00082131,0.00081072,0.00080014,0.00082396,0.00076585,0.00080542,0.00087449,0.00081336,0.00083457,0.00087449,0.00090657,0.00084254,0.00083457,0.00081601,0.00085584,0.00086383,0.00085584,0.0008585,0.00085318,0.00084786,0.00084388,0.00085318,0.00082131,0.00085318,0.00081336,0.00081866,0.00080542,0.0008452,0.0007527,0.00073171,0.00070033,0.00057604,0.00053249
1.69E-05,2.32E-05,-5.25E-05,8.44E-06,2.53E-05,-2.11E-05,1.06E-05,4.87E-05,0.00038023,0.00057286,0.00045136,0.00050963,0.00050514,0.00057513,0.0005638,0.00051864,0.00058648,0.00055022,0.00057513,0.00060922,0.00060466,0.00059784,0.00062974,0.00069852,0.00064116,0.00062974,0.00068932,0.00070543,0.00069162,0.00070774,0.00072389,0.00070774,0.00075629,0.00074471,0.00073545,0.0007262,0.00077486,0.00070543,0.00077486,0.00077951,0.00079115,0.00079581,0.00079348,0.00081214,0.00077022,0.0008028,0.00079115,0.00082382,0.00086132,0.00077022,0.00088955,0.00088484,0.00087307,0.00084905,0.00082616,0.00081214,0.0008028,0.00089191,0.00080047,0.00086602,0.00091552,0.0009392,0.00093446,0.00087307,0.00080747,0.0008285
2.64E-05,6.58E-07,-1.71E-05,8.56E-06,2.63E-06,-2.10E-05,-2.30E-05,0.00010598,0.00043884,0.00045136,0.00043051,0.00048273,0.00047017,0.00054585,0.00057123,0.00061158,0.00056699,0.00060732,0.00062863,0.00062223,0.0006393,0.00066283,0.00061584,0.00071009,0.00066283,0.00069933,0.00070363,0.00075762,0.00075979,0.00077498,0.00078584,0.00079236,0.00077715,0.00083818,0.00080543,0.00080979,0.00081633,0.00081197,0.00080979,0.00080979,0.0008557,0.00083381,0.00082944,0.00083818,0.00081633,0.00086667,0.00083381,0.00088865,0.00089305,0.00082288,0.00089305,0.00090407,0.00093943,0.00091236,0.00091069,0.00089526,0.000935,0.00085789,0.00093057,0.00094164,0.00090848,0.00097715,0.00090628,0.00084694,0.00078149,0.00074031
1.70E-05,7.39E-06,1.32E-05,-1.96E-05,-1.96E-05,1.61E-06,-1.77E-05,1.70E-05,0.00023625,0.00044911,0.00037823,0.00039842,0.00041461,0.0005001,0.00044911,0.00048988,0.00051238,0.00051238,0.00056375,0.00059678,0.00057612,0.00055963,0.00058851,0.00061957,0.00063203,0.00064866,0.00059472,0.00066116,0.00069457,0.00069457,0.00069666,0.00067576,0.00069248,0.00072181,0.00070085,0.00073652,0.00074493,0.00078924,0.00074283,0.00078501,0.00079348,0.00087,0.0008274,0.00085081,0.00082316,0.0008636,0.00085507,0.00087,0.00085507,0.0008871,0.00093859,0.0009128,0.00087427,0.00091395,0.00089994,0.00096877,0.00092354,0.00093429,0.00088282,0.00093214,0.00097309,0.001036,0.0010774,0.0010556,0.00092999,0.00092569
-1.98E-05,1.39E-05,1.79E-05,-5.95E-06,-2.58E-05,1.99E-05,-2.38E-05,-1.98E-05,0.00025801,0.00028055,0.0002662,0.00024778,0.00030522,0.00034855,0.00031139,0.00035476,0.0003011,0.0003217,0.00037341,0.00035683,0.00039834,0.00035269,0.0003921,0.00043378,0.00037133,0.00044842,0.00040458,0.00042961,0.00044005,0.00047777,0.00048618,0.00049459,0.00046308,0.00051144,0.00041917,0.00052832,0.00046728,0.00049249,0.00048828,0.0005009,0.00049669,0.00053889,0.00049669,0.00051988,0.00048618,0.00053466,0.00048407,0.00051988,0.00051988,0.00044633,0.00053889,0.000541,0.00050722,0.00052306,0.00050722,0.00053677,0.00045261,0.00053466,0.00051566,0.00054524,0.00056219,0.00066029,0.00069252,0.00067961,0.00069252,0.00076385
-2.07E-05,0,2.85E-05,2.59E-05,5.18E-06,-3.87E-05,-1.55E-05,4.41E-05,0.00017282,0.00021532,0.00025538,0.00028489,0.00023933,0.00037412,0.00031722,0.00030643,0.00034697,0.00039318,0.0003714,0.00043144,0.0004479,0.00043692,0.00044241,0.00050301,0.0004892,0.00048368,0.00053627,0.0004892,0.00051962,0.00049748,0.0005641,0.00051131,0.00055574,0.00054739,0.00051408,0.00056131,0.00062566,0.00049472,0.00055852,0.00058643,0.00060322,0.00061724,0.00062285,0.00061163,0.00062847,0.00064817,0.00062285,0.00058922,0.00063691,0.00062285,0.00063128,0.00062004,0.00067923,0.00064609,0.00064254,0.00064254,0.0006764,0.00070189,0.00059762,0.00065945,0.00074456,0.00065099,0.00060042,0.00053627,0.00049472,0.00047265
-7.91E-05,2.22E-05,-3.71E-05,4.20E-05,1.37E-05,3.92E-05,-0.00010694,7.05E-05,0.00049105,0.00079765,0.0006784,0.00059179,0.00059487,0.00070647,0.0006971,0.00071272,0.00073778,0.00064425,0.0007315,0.00074406,0.00065665,0.00070334,0.0006971,0.00072837,0.00068775,0.00071585,0.00075663,0.00081666,0.00069086,0.00075034,0.00068775,0.00078184,0.00072524,0.00075349,0.00074092,0.00077553,0.00075663,0.00074092,0.00068463,0.00072524,0.00072211,0.00074406,0.00075349,0.00076608,0.0006971,0.00070959,0.00070334,0.00070022,0.00068152,0.00068775,0.00071272,0.00072524,0.00074092,0.00072055,0.00070647,0.00070959,0.00068463,0.00067529,0.00071585,0.00067218,0.00067218,0.00053666,0.00041867,0.00043068,0.00032036,0.00035001
4.52E-05,-5.48E-05,-2.17E-05,-8.34E-06,4.18E-05,-1.67E-06,1.67E-06,0.00014665,0.00058564,0.00082482,0.00071715,0.00067672,0.00068772,0.00082482,0.00079124,0.00080242,0.00078752,0.00072084,0.00080242,0.00082108,0.0008473,0.00079124,0.00086608,0.00084355,0.00082482,0.00089245,0.00082482,0.00086232,0.00080615,0.00081735,0.00091134,0.00086984,0.00090378,0.00086984,0.0008398,0.00083231,0.0008398,0.00082482,0.00086984,0.00093028,0.00088867,0.00092649,0.0009227,0.00093408,0.00088113,0.00080615,0.00089245,0.00082108,0.00086232,0.00094167,0.00091891,0.00090378,0.00097212,0.00090108,0.00085105,0.00087737,0.00086232,0.00079124,0.00089245,0.00086984,0.00081361,0.00072084,0.0006365,0.00059651,0.00054952,0.00048139
3.16E-05,-4.85E-07,-1.50E-05,-2.37E-05,-5.27E-05,6.09E-05,1.99E-05,2.28E-05,0.00034835,0.00068573,0.00055585,0.00056527,0.00061576,0.00061259,0.00063795,0.00064749,0.00060943,0.00063795,0.00062843,0.00063161,0.00061576,0.00058101,0.00061576,0.00061576,0.00059995,0.00065067,0.00059995,0.00059363,0.00064749,0.00065703,0.00071776,0.00064431,0.00065385,0.00067615,0.00066659,0.00059047,0.00065067,0.00060943,0.00068573,0.00069853,0.00068254,0.0007467,0.00066021,0.00076928,0.00066021,0.00071776,0.00073061,0.00071134,0.00066659,0.00068254,0.00077251,0.00077251,0.00064749,0.00071789,0.00072739,0.00072418,0.00072097,0.00067935,0.00069213,0.00073382,0.00074026,0.00068573,0.00067615,0.00061259,0.00060943,0.00062209
5.85E-05,-2.62E-05,1.17E-05,2.33E-05,-2.04E-05,-4.65E-05,-2.62E-05,0,0.00020947,0.00049197,0.00042429,0.00047654,0.00045499,0.0005633,0.00053221,0.00061328,0.00055708,0.00055085,0.00066354,0.00061954,0.00065724,0.00069511,0.00069511,0.00071727,0.00066669,0.00065724,0.00073314,0.00075222,0.0008033,0.00078411,0.00075222,0.00071093,0.00074585,0.00077134,0.0007937,0.00079689,0.00074903,0.00090312,0.00082895,0.0008097,0.0008418,0.00087402,0.00084502,0.00082253,0.0008097,0.00083216,0.00076496,0.00082895,0.0007905,0.00087402,0.00084502,0.00080009,0.0007905,0.00079933,0.00077134,0.00083537,0.00083859,0.00074267,0.00082574,0.0008579,0.00084502,0.00087402,0.0009551,0.0008418,0.00079689,0.00082253
-3.19E-06,7.74E-06,-3.59E-05,-8.64E-06,1.05E-05,2.96E-05,-1.41E-05,-1.96E-05,0.00033691,0.00040551,0.00032269,0.000374,0.00036828,0.00040551,0.00042851,0.00041988,0.00040264,0.00041988,0.0004458,0.00047469,0.00042275,0.0004689,0.00049207,0.00051822,0.00049207,0.00049788,0.00053278,0.00055321,0.00054737,0.00057369,0.0005357,0.00052695,0.00054737,0.00055613,0.00055321,0.00057076,0.00052404,0.00059421,0.00060303,0.00062657,0.00057076,0.00064723,0.00061185,0.00058248,0.0005649,0.00057076,0.00053861,0.00060009,0.0005357,0.00052404,0.00059128,0.00059715,0.00057076,0.0005869,0.0005649,0.00061479,0.00051822,0.00055321,0.00047758,0.00060891,0.00058248,0.0005649,0.00063837,0.0006798,0.00055905,0.00058834
-1.11E-05,1.19E-05,-1.92E-06,1.42E-05,9.59E-06,-2.26E-05,-6.52E-06,4.89E-05,0.00040887,0.00066491,0.00055312,0.00060261,0.00061006,0.00064492,0.00066491,0.00065991,0.00071761,0.00071006,0.00076305,0.00078079,0.00075546,0.00079094,0.00079603,0.00082658,0.00081893,0.00077572,0.00086494,0.00085982,0.00085726,0.0008368,0.00086751,0.00085214,0.00088548,0.00094479,0.00090864,0.00086494,0.00090091,0.00089833,0.00090864,0.00090606,0.00091895,0.00097851,0.00090606,0.00092411,0.00085214,0.00089833,0.00086238,0.00086238,0.00084191,0.00084191,0.00088034,0.00083935,0.00084191,0.00084511,0.00083169,0.00086751,0.00085982,0.00084191,0.00084702,0.00084702,0.00082658,0.00077825,0.00073272,0.00065491,0.00061503,0.00056794
-3.48E-06,-2.20E-05,-2.20E-05,1.16E-06,-1.04E-05,5.71E-05,8.13E-06,4.54E-05,0.00022016,0.00042579,0.00047002,0.00050212,0.00050212,0.0005717,0.00064692,0.00064944,0.00071014,0.00067468,0.00075597,0.00072793,0.00073048,0.00079435,0.00080462,0.00084065,0.00082777,0.00087944,0.0009028,0.00087944,0.00095495,0.00092101,0.00096018,0.0009471,0.00096542,0.0010576,0.00097328,0.00099954,0.0010101,0.0010206,0.001018,0.0010576,0.0010497,0.0010841,0.0010655,0.0010153,0.00098377,0.0010259,0.001018,0.0010206,0.00099691,0.00092362,0.001018,0.0010153,0.0010232,0.0010107,0.0010101,0.00099428,0.00099428,0.00095756,0.00094972,0.0010048,0.0010444,0.0010101,0.0010127,0.000908,0.00078154,0.00076874
-1.69E-05,-1.97E-05,-4.58E-07,2.43E-05,1.61E-05,-3.21E-06,-1.69E-05,2.29E-06,0.00044126,0.00067827,0.00062131,0.00061534,0.00065124,0.00074476,0.0007296,0.00075387,0.0007478,0.00076604,0.00078737,0.00083637,0.00075995,0.00084251,0.00076908,0.00086098,0.00086406,0.00091354,0.00092907,0.00091975,0.00090734,0.0010103,0.00098522,0.00096958,0.00099462,0.0010009,0.00095709,0.00098209,0.0010072,0.00099462,0.00099776,0.001026,0.0010103,0.001004,0.0010197,0.0010072,0.00095397,0.0010418,0.00099149,0.001026,0.001004,0.00097271,0.0010103,0.0010072,0.0010386,0.0010158,0.0010197,0.00099776,0.0010197,0.0010072,0.001026,0.0010072,0.0010988,0.0011242,0.0010386,0.0010229,0.00095397,0.00094774
1.71E-05,6.29E-06,-7.18E-06,-7.18E-06,-2.06E-05,1.17E-05,-1.52E-05,4.68E-05,0.00019744,0.00031733,0.0002697,0.00033421,0.00032014,0.0003596,0.00033702,0.00041917,0.00036525,0.00041348,0.00043057,0.00037091,0.00040779,0.00047061,0.00044485,0.00051086,0.00045343,0.0005224,0.00051086,0.0005051,0.00048209,0.00052817,0.00056873,0.00058326,0.00056582,0.00051663,0.00054842,0.00057454,0.00053395,0.00057163,0.00055422,0.00060657,0.00056873,0.00058035,0.0006241,0.00062996,0.00058326,0.00059491,0.00059782,0.00061825,0.00065047,0.00058908,0.00064754,0.00062703,0.00060365,0.00062924,0.00063581,0.00065047,0.00064754,0.00063581,0.00063288,0.00061825,0.00070053,0.00093746,0.00098327,0.00093137,0.00090101,0.00097103
-1.61E-05,-6.13E-05,4.66E-05,6.09E-05,-3.87E-05,9.48E-06,-1.04E-05,0.00015029,0.00061396,0.00069458,0.00065726,0.00057089,0.00062013,0.00070393,0.00068834,0.00068523,0.00067279,0.00074147,0.00074461,0.0007729,0.00070705,0.00075717,0.00073834,0.00081711,0.00081394,0.00085202,0.0008552,0.00084566,0.00087432,0.00081711,0.00092874,0.0008552,0.00087751,0.00089988,0.0008552,0.00094482,0.0008552,0.00087113,0.00093195,0.00092553,0.00089028,0.00093517,0.00092553,0.00086475,0.0008807,0.00092232,0.00090628,0.00095448,0.00096415,0.00089668,0.0010225,0.00099973,0.0010257,0.00098279,0.00094804,0.0009577,0.00097707,0.00099001,0.00095126,0.0009577,0.00099325,0.0010681,0.0010225,0.00092553,0.00083613,0.00082661
1.18E-05,-2.70E-05,-5.20E-05,6.00E-05,-3.61E-05,4.39E-05,-4.74E-05,5.31E-05,0.00017836,0.00027013,0.0002583,0.0002725,0.0002725,0.00028434,0.0002725,0.00033192,0.0002583,0.00031762,0.00033909,0.00034865,0.00033431,0.00036061,0.0003774,0.00040385,0.00039181,0.00042556,0.00039903,0.00040385,0.00045702,0.00040867,0.00049593,0.00051301,0.00047402,0.00048375,0.00049836,0.00049593,0.00045217,0.00050812,0.00048132,0.00053258,0.00053993,0.00050812,0.00053993,0.00055711,0.00047402,0.0005694,0.00051057,0.00056448,0.00053993,0.00050324,0.00059899,0.0006262,0.00058418,0.00061012,0.00061877,0.00061135,0.00059405,0.00053503,0.00060146,0.00057186,0.00065849,0.00081434,0.00080419,0.00081434,0.00078393,0.00080673
-4.02E-05,6.21E-05,-2.03E-05,-1.54E-05,-3.52E-05,4.96E-05,4.57E-06,1.45E-05,0.0002194,0.00037984,0.00025792,0.00030957,0.00028629,0.00036156,0.0003018,0.00035114,0.00036678,0.00039292,0.0003903,0.00044545,0.00045336,0.00049302,0.00045599,0.00047449,0.00038507,0.00051425,0.00050894,0.00043755,0.00053554,0.00050098,0.00054354,0.00055422,0.00057026,0.00061588,0.00055422,0.00057561,0.00058633,0.00061319,0.00057829,0.00065634,0.00060243,0.00064823,0.00060243,0.00056491,0.00062395,0.00067258,0.00063204,0.00062395,0.00066446,0.00068886,0.00066446,0.00071333,0.00066446,0.00070384,0.00071333,0.00072423,0.00077346,0.00065093,0.00075976,0.00077895,0.00081471,0.00098181,0.0011094,0.0010922,0.0010185,0.0010723
-1.47E-05,2.25E-05,-3.33E-05,5.53E-05,-2.17E-05,-7.76E-06,-2.63E-05,3.19E-05,0.00024284,0.00025005,0.00023804,0.00025245,0.00028379,0.00031524,0.00032252,0.00031524,0.00025486,0.00032252,0.00035656,0.00034926,0.00032494,0.00033709,0.00036388,0.00036632,0.0003712,0.00035413,0.00040055,0.00036876,0.00038342,0.00041036,0.00047442,0.00041527,0.00046206,0.00049423,0.00038097,0.00048184,0.00040301,0.00051658,0.00048432,0.00047936,0.00042756,0.0005865,0.00045959,0.00047442,0.00049671,0.00055146,0.00052653,0.00053151,0.00053151,0.00053899,0.00056396,0.00055146,0.00052902,0.00055523,0.00055646,0.000584,0.00055896,0.00057397,0.00059403,0.00065198,0.00063683,0.00074609,0.00081804,0.00087242,0.00082062,0.00083613
