True Vp,Est Vp,True Ve,Est Ve,True Ktrans,Est Ktrans,True Kep,Est Kep,Vp %Err,Ktrans %Err,Kep %Err
0.10482,0.093268,14.123,12.577,0.14123,0.12713,0.01,0.010108,11,9.67,5.23
0.049444,0.039276,44.694,40.094,0.44694,0.40108,0.01,0.010004,1.68,10.69,3.84
0.14577,0.13918,38.637,34.523,0.38637,0.34749,0.01,0.010065,5.23,10.38,0.01
0.20672,0.18423,28.995,25.866,0.28995,0.26134,0.01,0.010104,8.23,10.35,0.44
0.12215,0.10885,26.806,23.762,0.26806,0.24092,0.01,0.010139,15.6,10.25,0.19
0.19018,0.16876,18.785,16.858,0.18785,0.16857,0.01,0.009999,9.84,10.06,2.51
0.016191,0.012776,37.493,33.393,0.37493,0.33754,0.01,0.010108,4.08,10.07,0.72
0.12303,0.11134,18.453,16.539,0.18453,0.16545,0.01,0.010004,8.91,10.53,2.22
0.048429,0.043285,11.45,10.153,0.1145,0.10307,0.01,0.010152,5.41,10.41,0.74
0.28572,0.26025,43.693,39.178,0.43693,0.39271,0.01,0.010024,10.03,10.51,1.92
0.21618,0.19197,33.841,30.352,0.33841,0.30375,0.01,0.010008,9.14,10.51,3.04
0.18752,0.16191,30.879,27.587,0.30879,0.27815,0.01,0.010083,7.75,10.63,3.18
0.095337,0.091311,36.564,32.933,0.36564,0.32819,0.01,0.0099654,7.97,9.91,1.69
0.23573,0.20995,40.146,35.705,0.40146,0.36103,0.01,0.010111,7.75,10.64,4.52
0.084768,0.076265,19.497,17.42,0.19497,0.17564,0.01,0.010082,11.94,10.38,0.83
0.24653,0.21996,32.165,28.86,0.32165,0.28919,0.01,0.010021,9.7,10.34,1.84
0.052254,0.051231,34.454,30.778,0.34454,0.3094,0.01,0.010053,15.19,9.62,3.65
0.25388,0.23144,25.036,22.482,0.25036,0.22488,0.01,0.010003,11,9.93,0.88
0.18426,0.16502,9.4447,8.423,0.094447,0.084916,0.01,0.010081,10.46,10.26,1.24
0.017995,0.023543,45.005,40.077,0.45005,0.40431,0.01,0.010088,65.48,9.85,1.86
0.10804,0.098057,9.5768,8.5457,0.095768,0.086115,0.01,0.010077,8.88,10.24,0.19
0.014735,0.014952,30.949,27.592,0.30949,0.27802,0.01,0.010076,24.21,10.26,0.09
0.12474,0.1141,32.24,28.887,0.3224,0.28941,0.01,0.010019,6.54,10.45,0.72
0.095399,0.087627,47.614,42.493,0.47614,0.42759,0.01,0.010063,7.15,10.05,3.13
0.20658,0.18505,10.063,8.9699,0.10063,0.090402,0.01,0.010078,11.95,9.66,1.9
0.17915,0.16399,24.302,21.76,0.24302,0.21834,0.01,0.010034,8.94,9.93,1.07
0.015991,0.016636,28.427,25.468,0.28427,0.25564,0.01,0.010038,6.11,10.85,3.61
0.14829,0.13757,20.761,18.632,0.20761,0.18645,0.01,0.010007,15.89,10.15,0.54
0.098439,0.088875,5.3795,4.8198,0.053795,0.048261,0.01,0.010013,10.27,10.05,0.92
0.11705,0.10321,32.288,28.787,0.32288,0.29034,0.01,0.010086,6.72,9.75,1.27
0.20872,0.18581,45.876,41.249,0.45876,0.41162,0.01,0.0099789,15.82,10.01,1.06
0.018563,0.015397,21.368,19.234,0.21368,0.19197,0.01,0.0099809,10.55,10.33,1.53
0.036749,0.032862,30.88,27.593,0.3088,0.27813,0.01,0.01008,12.17,10.17,1.28
0.03607,0.032568,17.389,15.541,0.17389,0.15629,0.01,0.010056,10.22,10.08,0.13
0.025703,0.02762,26.252,23.528,0.26252,0.23554,0.01,0.010011,15.99,10.29,1.88
0.12296,0.11068,35.695,32.075,0.35695,0.32095,0.01,0.010007,12.04,9.87,2.11
0.27223,0.24282,12.03,10.818,0.1203,0.10827,0.01,0.010009,10.87,9.55,4.97
0.26871,0.2422,15.774,14.041,0.15774,0.14194,0.01,0.010109,8.47,10.01,0.42
0.28479,0.25475,46.283,41.161,0.46283,0.4172,0.01,0.010136,10.88,10.13,0.62
0.26798,0.23917,6.7819,6.0873,0.067819,0.061005,0.01,0.010022,10.19,9.73,5.3
0.125,0.11379,9.5536,8.508,0.095536,0.085987,0.01,0.010107,10.41,10.44,2.05
0.16275,0.14175,42.015,37.197,0.42015,0.37792,0.01,0.01016,5.76,10.3,0.76
0.011564,0.0045155,33.333,29.741,0.33333,0.30038,0.01,0.0101,15.53,10.37,2.86
0.085173,0.078785,27.145,24.402,0.27145,0.24331,0.01,0.0099709,4.09,10.44,2.93
0.12374,0.11764,47.19,42.323,0.4719,0.42361,0.01,0.010009,3.99,10.4,0.23
0.019467,0.017178,41.308,36.786,0.41308,0.37069,0.01,0.010077,1.02,10.56,3.85
0.15202,0.13799,20.521,18.372,0.20521,0.18487,0.01,0.010062,9.43,10.23,0.09
0.2559,0.23034,21.111,18.803,0.21111,0.19016,0.01,0.010113,10.63,10.08,0.22
0.028447,0.024232,10.365,9.2413,0.10365,0.093163,0.01,0.010081,10.12,10.31,0.67
0.27738,0.24625,25.938,23.127,0.25938,0.23329,0.01,0.010087,9.71,10.04,0.42
0.22829,0.2001,43.679,39.183,0.43679,0.39316,0.01,0.010034,10.4,10.49,0.89
0.16888,0.15122,7.9602,7.1311,0.079602,0.07128,0.01,0.0099956,10.87,10.11,1.06
0.16773,0.1493,8.6135,7.7137,0.086135,0.077143,0.01,0.010001,10.12,10.16,0.51
0.29836,0.26798,23.185,20.706,0.23185,0.20875,0.01,0.010082,11.07,9.95,0.2
0.2991,0.26991,19.48,17.476,0.1948,0.17509,0.01,0.010019,9.94,9.68,4.17
0.28545,0.26099,48.08,43.027,0.4808,0.43189,0.01,0.010038,12.53,9.89,2.3
0.25967,0.23471,18.153,16.179,0.18153,0.16348,0.01,0.010105,10.83,9.81,1.97
0.19573,0.17635,19.606,17.666,0.19606,0.17558,0.01,0.0099389,10.83,10.35,0.55
0.24806,0.22357,21.489,18.998,0.21489,0.19324,0.01,0.010172,9.61,10.46,1.51
0.063635,0.052873,35.917,32.025,0.35917,0.32244,0.01,0.010068,0.71,10.17,0.43
0.21199,0.19414,40.409,36.258,0.40409,0.36276,0.01,0.010005,10.75,10.02,0.85
0.10496,0.095596,9.9908,8.9977,0.099908,0.089532,0.01,0.0099506,8.9,10.45,1.05
0.2502,0.2248,7.5925,6.7997,0.075925,0.068278,0.01,0.010041,9.98,10.19,1.19
0.0327,0.029467,20.244,18.089,0.20244,0.18217,0.01,0.010071,14.19,10.99,5.12
0.26359,0.2374,32.21,28.605,0.3221,0.29012,0.01,0.010142,9.79,9.93,0.4
0.20129,0.18067,11.457,10.15,0.11457,0.10324,0.01,0.010172,9.43,10.12,0.34
0.10654,0.095307,19.231,17.165,0.19231,0.17292,0.01,0.010074,13.16,10.03,1.39
0.11763,0.10329,21.519,19.241,0.21519,0.19321,0.01,0.010042,7.43,10.36,1.4
0.29518,0.25993,32.846,29.241,0.32846,0.29515,0.01,0.010094,10.58,9.83,3.72
0.13585,0.12574,32.031,28.683,0.32031,0.28792,0.01,0.010038,8.05,10.43,3.81
0.072526,0.06456,9.5286,8.5773,0.095286,0.085651,0.01,0.0099857,7.9,9.86,3.37
0.19555,0.17566,18.81,16.71,0.1881,0.16922,0.01,0.010126,9.69,10.32,0.08
0.10744,0.095931,23.782,21.319,0.23782,0.21339,0.01,0.01001,9.09,10.27,0.33
0.14096,0.12882,27.075,24.221,0.27075,0.24379,0.01,0.010065,10.83,10.15,0.5
0.019895,0.01518,17.54,15.685,0.1754,0.15767,0.01,0.010053,15.06,10.71,3.68
0.22331,0.20266,25.917,23.216,0.25917,0.23317,0.01,0.010044,9.69,10.35,0.47
0.29869,0.26284,32.831,28.95,0.32831,0.29627,0.01,0.010234,10.73,10.02,1.05
0.073107,0.068277,37.12,33.323,0.3712,0.33378,0.01,0.010017,4.34,10.41,0.44
0.23159,0.20334,48.163,43.138,0.48163,0.43231,0.01,0.010022,12.95,9.7,2.68
0.17174,0.15574,23.373,20.907,0.23373,0.20983,0.01,0.010036,8.1,10.46,2.26
0.090238,0.085784,41.025,36.495,0.41025,0.36885,0.01,0.010107,7.93,9.66,3.96
0.065141,0.056501,20.76,18.527,0.2076,0.18656,0.01,0.010069,4.07,10.18,0.64
0.020837,0.021048,49.718,44.764,0.49718,0.44649,0.01,0.0099744,18.38,10.48,1.01
0.032882,0.022054,37.47,33.502,0.3747,0.33729,0.01,0.010068,30.02,10.12,2.92
0.11205,0.095031,33.714,29.995,0.33714,0.30315,0.01,0.010106,14.46,9.92,1.47
0.13301,0.11946,19.566,17.476,0.19566,0.17612,0.01,0.010078,11.47,10.55,3.19
0.10314,0.088613,49.411,44.315,0.49411,0.44416,0.01,0.010023,5.47,10.3,0.52
0.12084,0.10612,16.628,14.718,0.16628,0.14988,0.01,0.010184,8.16,10.36,1.12
0.28481,0.24772,31.658,28.106,0.31658,0.28506,0.01,0.010142,7.64,10.31,1.32
0.28087,0.25117,7.6372,6.8236,0.076372,0.068724,0.01,0.010072,9.6,10.42,0.91
0.070935,0.057759,34.156,30.483,0.34156,0.30738,0.01,0.010084,5.57,10.6,5.15
0.274,0.24584,22.541,20.158,0.22541,0.20296,0.01,0.010069,9.11,10.44,1.63
0.28733,0.25689,38.829,34.7,0.38829,0.34873,0.01,0.01005,12.2,9.98,2.18
0.20568,0.18528,6.1468,5.4816,0.061468,0.055193,0.01,0.010069,9.93,10.44,3.26
0.061701,0.049353,39.523,35.349,0.39523,0.35565,0.01,0.010061,14.89,10.37,1.63
0.0294,0.026239,6.0634,5.4376,0.060634,0.054401,0.01,0.010005,13.11,9.8,1.11
0.19899,0.18038,25.074,22.352,0.25074,0.22554,0.01,0.01009,9.5,9.94,2.43
0.040669,0.036795,17.417,15.494,0.17417,0.15655,0.01,0.010104,12.26,10,1.45
0.16825,0.14706,39.172,34.718,0.39172,0.35249,0.01,0.010153,3.71,10.57,1.1
0.15464,0.13914,16.944,15.181,0.16944,0.15242,0.01,0.01004,8.54,9.8,1.95
0.070305,0.056489,26.668,23.778,0.26668,0.24022,0.01,0.010103,7.14,9.96,2.04
0.14945,0.13579,6.4253,5.7307,0.064253,0.057746,0.01,0.010077,10.95,9.96,1.11
0.032239,0.029207,12.587,11.233,0.12587,0.11324,0.01,0.010081,16.39,10,1.8
0.09091,0.082724,49.087,43.891,0.49087,0.44115,0.01,0.010051,14.22,10.11,0.82
0.20348,0.18154,6.5957,5.8643,0.065957,0.059315,0.01,0.010115,10.53,10.09,2.04
0.27357,0.23953,25.441,22.809,0.25441,0.22904,0.01,0.010042,9.44,10.03,1.47
0.1751,0.15359,29.342,26.127,0.29342,0.26383,0.01,0.010098,9.78,10.08,0
0.28022,0.25224,13.456,12.109,0.13456,0.12077,0.01,0.0099732,10.23,10.34,1.64
0.2112,0.1859,26.407,23.671,0.26407,0.23749,0.01,0.010033,8.96,10.3,2.14
0.041298,0.037501,5.0039,4.4694,0.050039,0.045077,0.01,0.010086,7.5,10.2,0.06
0.052856,0.048561,19.192,16.994,0.19192,0.17303,0.01,0.010182,16.42,9.88,2.58
0.1955,0.17362,18.694,16.639,0.18694,0.16818,0.01,0.010108,10.77,10.21,1.64
0.28806,0.26101,20.68,18.381,0.2068,0.18636,0.01,0.010139,8.68,10.72,3.16
0.08153,0.07427,21.874,19.361,0.21874,0.19741,0.01,0.010196,12.15,9.96,2.28
0.1087,0.099408,12.671,11.306,0.12671,0.11394,0.01,0.010078,8.9,10.66,3.44
0.17977,0.16454,30.589,27.346,0.30589,0.27532,0.01,0.010068,13.57,9.66,3.27
0.14493,0.12891,22.4,19.983,0.224,0.20147,0.01,0.010082,11.07,10.17,0.28
0.29027,0.25705,32.153,28.776,0.32153,0.28885,0.01,0.010038,10.73,10.31,0.2
0.10438,0.096229,46.527,41.321,0.46527,0.41851,0.01,0.010128,5.59,10.14,1.15
0.042984,0.038284,23.422,20.885,0.23422,0.21073,0.01,0.01009,6.47,10.44,2.19
0.15644,0.1418,22.729,20.288,0.22729,0.20417,0.01,0.010064,9.72,10.73,3.33
0.19902,0.17587,17.895,15.912,0.17895,0.16093,0.01,0.010114,9.22,10.1,0.6
0.0526,0.045104,28.169,24.958,0.28169,0.2539,0.01,0.010173,9.84,10.49,1.96
0.28324,0.25492,18.46,16.391,0.1846,0.16603,0.01,0.01013,10.34,10.2,0.07
0.19507,0.18292,46.813,41.999,0.46813,0.42114,0.01,0.010027,9.06,10.18,0.45
0.14801,0.12984,27.905,24.917,0.27905,0.25134,0.01,0.010087,12.83,9.79,4.86
0.16699,0.149,38.711,34.842,0.38711,0.34737,0.01,0.0099697,8.28,10.63,0.88
0.084975,0.075628,25.286,22.612,0.25286,0.2269,0.01,0.010034,17.32,10.5,0.63
0.031208,0.029012,20.661,18.446,0.20661,0.18572,0.01,0.010068,22.85,9.71,1.34
0.26997,0.23834,25.944,23.253,0.25944,0.23309,0.01,0.010024,8.52,10.52,0.54
0.027439,0.02551,10.402,9.2644,0.10402,0.093388,0.01,0.01008,6.07,10.45,3.69
0.13078,0.11605,39.577,35.701,0.39577,0.35437,0.01,0.0099262,7.9,10.2,1
0.14323,0.13176,37.871,34.114,0.37871,0.34025,0.01,0.0099739,9.68,10.21,0.08
0.28985,0.26026,27.74,24.913,0.2774,0.24852,0.01,0.0099756,9.73,10.71,3.41
0.23648,0.21217,45.683,41.295,0.45683,0.41029,0.01,0.0099357,8.96,10.44,2.02
0.1737,0.14818,49.86,44.742,0.4986,0.4478,0.01,0.010009,7.78,10.2,0.24
0.25804,0.22957,37.679,33.388,0.37679,0.33943,0.01,0.010166,9.16,10,1.9
0.277,0.25252,33.856,30.476,0.33856,0.30311,0.01,0.0099457,8.66,10.52,2.02
0.23628,0.21332,12.913,11.599,0.12913,0.11606,0.01,0.010006,10.86,10.27,1.77
0.18334,0.16463,10.114,9.0111,0.10114,0.091065,0.01,0.010106,10.03,10.12,0.44
0.15382,0.13311,39.2,34.962,0.392,0.35192,0.01,0.010066,6.95,10.3,0.31
0.16878,0.15433,44.585,39.892,0.44585,0.40092,0.01,0.01005,14.1,10.19,1.36
0.29686,0.26444,22.654,20.023,0.22654,0.20419,0.01,0.010198,10.43,10.21,0.31
0.27213,0.24069,33.691,30.188,0.33691,0.30301,0.01,0.010037,11.21,9.53,4.68
0.299,0.26837,26.469,23.817,0.26469,0.23747,0.01,0.0099708,8.88,10.56,3.7
0.16552,0.14519,17.877,15.953,0.17877,0.16077,0.01,0.010077,11.64,10.33,1.59
0.28305,0.25703,13.132,11.789,0.13132,0.11774,0.01,0.0099873,10.29,10.2,0.28
0.069636,0.065948,18.993,17.09,0.18993,0.17023,0.01,0.0099611,5.07,10.55,3.11
0.18885,0.16911,9.3898,8.4469,0.093898,0.084507,0.01,0.010005,8.75,10.35,1.95
0.098656,0.084529,33.439,29.931,0.33439,0.30049,0.01,0.010039,8.49,10.5,0.04
0.067676,0.054374,47.464,42.45,0.47464,0.42609,0.01,0.010037,15.23,10.42,1.05
0.25925,0.23468,16.966,15.043,0.16966,0.15304,0.01,0.010174,9,10.06,1.38
0.010397,0.015241,25.861,23.032,0.25861,0.23261,0.01,0.010099,44.14,9.73,4.51
0.049904,0.044792,34.561,30.968,0.34561,0.3098,0.01,0.010004,14.58,9.97,3.43
0.10136,0.096931,37.03,33.076,0.3703,0.33274,0.01,0.01006,8.57,9.75,3.13
0.26002,0.23611,24.671,21.941,0.24671,0.22173,0.01,0.010106,8.1,11.04,5.4
0.031995,0.031773,22.155,19.927,0.22155,0.1992,0.01,0.0099965,1.84,10.58,3.93
0.242,0.2196,32.535,29.493,0.32535,0.29204,0.01,0.009902,5.92,10.4,0.99
0.060032,0.055169,8.0667,7.1788,0.080667,0.072578,0.01,0.01011,8.36,10.33,0.3
0.059248,0.051829,38.77,34.56,0.3877,0.3487,0.01,0.01009,1.86,10.8,2.81
0.060744,0.054051,35.309,31.773,0.35309,0.31639,0.01,0.0099578,8.78,10.21,1.92
0.17782,0.15941,19.575,17.454,0.19575,0.17631,0.01,0.010101,9.3,10.39,2.46
0.21662,0.1897,24.702,22.155,0.24702,0.22219,0.01,0.010029,9.35,10.29,0.49
0.29389,0.25498,49.811,44.756,0.49811,0.44664,0.01,0.0099793,9.34,9.99,0.67
0.10712,0.095183,23.7,21.223,0.237,0.21317,0.01,0.010044,7.03,10.5,2.9
0.23157,0.20841,35.827,31.885,0.35827,0.32306,0.01,0.010132,10.01,10.33,1.69
0.037101,0.03107,23.984,21.423,0.23984,0.21544,0.01,0.010057,15.5,10.88,3.48
0.29467,0.27211,30.531,27.296,0.30531,0.27431,0.01,0.010049,11.33,10.62,4.9
0.25716,0.22947,29.764,26.506,0.29764,0.26718,0.01,0.01008,6.85,10.64,1.4
0.22718,0.20201,22.199,19.751,0.22199,0.20015,0.01,0.010134,9.57,10.07,0.31
0.17632,0.15832,18.445,16.365,0.18445,0.16651,0.01,0.010175,7.25,10.19,2.52
0.20178,0.182,48.332,43.069,0.48332,0.43474,0.01,0.010094,10.11,9.91,0.6
0.17004,0.15099,14.515,13.028,0.14515,0.13041,0.01,0.01001,10.97,9.78,3.2
0.015143,0.014944,25.377,22.566,0.25377,0.22854,0.01,0.010128,11.07,10.04,1.05
0.033441,0.03123,29.808,26.56,0.29808,0.26861,0.01,0.010113,17.57,10.21,0.11
0.28867,0.25425,33.429,30.153,0.33429,0.3004,0.01,0.0099626,8.11,10.61,1.22
0.25251,0.22873,15.4,13.729,0.154,0.13824,0.01,0.010069,10.07,10.42,2.23
0.023319,0.017947,17.032,15.15,0.17032,0.15299,0.01,0.010099,8.73,9.97,0.26
0.21679,0.19151,37.448,33.246,0.37448,0.33716,0.01,0.010141,9.29,10.38,2.59
0.074931,0.068122,37.255,33.195,0.37255,0.33574,0.01,0.010114,3.19,10.31,1.22
0.11565,0.10372,28.306,25.349,0.28306,0.25412,0.01,0.010025,11.09,10.37,0.32
0.20354,0.18652,40.495,36.037,0.40495,0.36347,0.01,0.010086,15.14,9.98,1.66
0.11701,0.098083,47.925,42.292,0.47925,0.4319,0.01,0.010212,20.26,9.99,1.51
0.27399,0.24589,17.609,15.758,0.17609,0.15813,0.01,0.010035,9.65,10.1,0.99
0.14904,0.13245,34.967,31.116,0.34967,0.31421,0.01,0.010098,5.78,10.26,1.23
0.052927,0.049807,22.402,20.104,0.22402,0.20082,0.01,0.0099894,8.63,10.24,1.05
0.2715,0.23825,25.004,22.538,0.25004,0.2247,0.01,0.00997,8.55,10.86,4.24
0.17035,0.1556,41.859,37.754,0.41859,0.37557,0.01,0.0099478,3.12,10.09,0.79
0.026131,0.024216,18.839,16.955,0.18839,0.16941,0.01,0.0099921,12.85,10.33,1.07
0.2025,0.18749,36.175,32.444,0.36175,0.32521,0.01,0.010024,11.43,10.18,0.95
0.097018,0.090001,41.673,37.389,0.41673,0.3744,0.01,0.010014,2.84,10.52,1.58
0.056492,0.050766,40.284,36.12,0.40284,0.36153,0.01,0.010009,8.72,10.73,2.98
0.28732,0.26153,23.073,20.606,0.23073,0.20723,0.01,0.010057,8.99,9.99,2.79
0.2204,0.19881,13.471,12.057,0.13471,0.12094,0.01,0.01003,11.13,9.6,2.42
0.15094,0.13476,7.4489,6.703,0.074489,0.066875,0.01,0.0099769,9.66,10.49,3.59
0.24952,0.22633,28.291,25.2,0.28291,0.25384,0.01,0.010073,9.61,9.78,3.68
0.092488,0.083982,35.598,31.798,0.35598,0.32023,0.01,0.010071,7.6,10.19,1.12
0.15443,0.1376,8.5078,7.5495,0.085078,0.076675,0.01,0.010156,10.1,10.27,1.59
0.18746,0.16795,8.156,7.2877,0.08156,0.073502,0.01,0.010086,10.39,10.5,1.65
0.05032,0.045928,9.5057,8.5027,0.095057,0.085181,0.01,0.010018,7.72,10.35,1.06
0.010508,0.010145,13.327,11.885,0.13327,0.1196,0.01,0.010063,3.58,9.66,2.92
0.036103,0.029299,42.981,38.141,0.42981,0.3879,0.01,0.01017,33.57,10.37,0.17
0.069894,0.057165,26.788,23.755,0.26788,0.24168,0.01,0.010174,5.11,10.25,0.64
0.1527,0.13602,12.29,11.057,0.1229,0.11035,0.01,0.0099802,9.36,10.36,1.28
0.10572,0.098642,19.792,17.75,0.19792,0.17738,0.01,0.0099934,9.57,10.51,1.43
0.14949,0.13275,18.101,16.064,0.18101,0.16315,0.01,0.010156,9.24,10.5,2.8
0.098964,0.088255,16.385,14.603,0.16385,0.14737,0.01,0.010092,10,10.41,2.5
0.036255,0.030037,19.446,17.333,0.19446,0.17488,0.01,0.01009,20.09,10.15,1.41
0.057759,0.050026,6.3979,5.7236,0.063979,0.057666,0.01,0.010075,12.95,10.19,0
0.047813,0.042648,25.368,22.776,0.25368,0.22779,0.01,0.010001,5.7,9.69,3.15
0.24627,0.22419,46.6,41.236,0.466,0.41994,0.01,0.010184,9.9,10.14,0.61
0.15148,0.14243,47.817,42.82,0.47817,0.42937,0.01,0.010027,11.2,10.1,0.38
0.11635,0.10513,5.4662,4.8871,0.054662,0.049118,0.01,0.010051,10.43,10.21,1.09
0.087949,0.08022,19.481,17.468,0.19481,0.17497,0.01,0.010017,13.16,9.63,2.09
0.16704,0.14654,15.944,14.282,0.15944,0.14341,0.01,0.010041,9.81,10.38,0.82
0.11073,0.10138,30.346,27.041,0.30346,0.27272,0.01,0.010086,14.13,10.13,0.24
0.041523,0.033753,35.161,31.681,0.35161,0.31553,0.01,0.0099596,22.94,9.85,3.07
0.078203,0.066976,36.511,32.629,0.36511,0.32793,0.01,0.01005,9.4,10.28,0.08
0.25256,0.22328,39.562,35.692,0.39562,0.35493,0.01,0.0099444,9.2,10.4,1.99
0.074099,0.067069,7.9638,7.1523,0.079638,0.071435,0.01,0.0099878,7.59,9.66,3.41
0.12406,0.11478,23.199,20.905,0.23199,0.20774,0.01,0.0099374,11.51,10.46,2.79
0.026297,0.017303,36.63,32.758,0.3663,0.32907,0.01,0.010045,6.84,10.34,2.01
0.06735,0.064801,20.921,18.599,0.20921,0.18849,0.01,0.010135,9.97,10.04,1.1
0.17809,0.15903,36.548,32.468,0.36548,0.32899,0.01,0.010133,11.34,10.33,3.32
0.1469,0.13291,16.235,14.574,0.16235,0.14544,0.01,0.0099797,7.91,10.66,1.84
0.055849,0.040524,43.079,38.448,0.43079,0.3873,0.01,0.010073,1.44,10.72,2.86
0.23222,0.20975,33,29.423,0.33,0.29667,0.01,0.010083,8.87,10.37,0.28
0.021439,0.016684,41.583,37.14,0.41583,0.37437,0.01,0.01008,6.18,10.16,1.07
0.067769,0.058753,10.967,9.8179,0.10967,0.098479,0.01,0.010031,7.07,10.84,3.01
0.27749,0.24744,40.134,36.038,0.40134,0.35984,0.01,0.009985,8.47,10.01,0.02
0.29696,0.25754,32.182,28.765,0.32182,0.28955,0.01,0.010066,12.94,10.56,2.45
0.10714,0.098554,27.317,24.447,0.27317,0.24536,0.01,0.010036,7.1,10.39,3.42
0.19809,0.17655,21.052,18.877,0.21052,0.18906,0.01,0.010015,11.39,10.15,0.11
0.095813,0.08859,14.814,13.302,0.14814,0.13283,0.01,0.0099855,6.71,10.37,0.08
0.22671,0.20287,7.4579,6.6782,0.074579,0.067095,0.01,0.010047,9.64,10.9,3.68
0.14857,0.13394,36.506,32.424,0.36506,0.32905,0.01,0.010148,13.74,10.12,0.28
0.2085,0.18662,40.153,35.674,0.40153,0.36176,0.01,0.010141,8.66,10.63,0.43
0.023169,0.018982,21.761,19.471,0.21761,0.19541,0.01,0.010036,11.93,10.16,0.26
0.28898,0.25731,27.175,24.057,0.27175,0.24527,0.01,0.010196,9.86,10.3,1.96
0.29257,0.26153,12.67,11.244,0.1267,0.11429,0.01,0.010165,10.37,9.89,3.18
0.1903,0.17056,8.6886,7.6972,0.086886,0.078353,0.01,0.010179,9.85,10.23,0.65
0.053314,0.046743,6.7569,6.0351,0.067569,0.060752,0.01,0.010066,10.21,10.12,0.04
0.022942,0.022075,23.842,21.587,0.23842,0.21341,0.01,0.0098859,16.65,10.19,0.85
0.23549,0.20898,14.868,13.272,0.14868,0.13395,0.01,0.010093,10.17,10.16,0
0.11515,0.093822,47.898,43.194,0.47898,0.42954,0.01,0.0099445,6.24,10.31,0.65
0.23007,0.20459,35.211,31.358,0.35211,0.31681,0.01,0.010103,8.42,10.8,2.34
0.13827,0.12311,15.099,13.554,0.15099,0.13578,0.01,0.010018,11.27,9.93,0.96
0.072361,0.065704,13.457,12.023,0.13457,0.12101,0.01,0.010065,10.68,9.88,1.2
0.055842,0.046337,28.775,25.926,0.28775,0.25846,0.01,0.0099691,0.15,9.95,1.77
0.20921,0.18917,21.341,19.049,0.21341,0.19158,0.01,0.010057,11.02,10.11,1.24
0.16511,0.14835,38.877,34.688,0.38877,0.34903,0.01,0.010062,1.14,10.61,2.74
0.17552,0.15831,13.424,12.09,0.13424,0.12044,0.01,0.0099621,11.59,9.94,3.59
0.24963,0.22419,5.2447,4.6818,0.052447,0.047006,0.01,0.01004,10.34,10.75,4.44
0.19415,0.17415,27.918,24.862,0.27918,0.25096,0.01,0.010094,7.16,10.42,1.53
0.16378,0.14828,24.828,22.323,0.24828,0.22288,0.01,0.0099843,12.54,9.91,0.6
0.1169,0.10328,12.498,11.205,0.12498,0.11237,0.01,0.010029,9.19,10.59,1.16
0.095097,0.085736,8.8705,8.0194,0.088705,0.079394,0.01,0.0099003,11.97,10.06,2.02
0.17129,0.15365,6.3744,5.7237,0.063744,0.05726,0.01,0.010004,9.94,9.99,2.4
0.097233,0.083522,29.166,26.119,0.29166,0.26211,0.01,0.010035,4.88,10.06,1.06
0.17395,0.1582,31.861,28.401,0.31861,0.28675,0.01,0.010096,6.15,10.23,0.65
0.15611,0.14397,23.648,21.103,0.23648,0.21251,0.01,0.01007,10.52,10.02,1.6
0.22447,0.2001,49.981,44.741,0.49981,0.44845,0.01,0.010023,8.65,10.09,0.51
0.051733,0.046168,35.096,31.448,0.35096,0.31582,0.01,0.010043,3.35,10.23,0.63
0.084767,0.075157,43.477,38.785,0.43477,0.39152,0.01,0.010095,2.99,10.11,0.91
0.29765,0.26146,49.302,44.219,0.49302,0.44283,0.01,0.010014,7.18,9.87,3.32
0.11736,0.106,24.443,21.941,0.24443,0.21946,0.01,0.010002,9.2,9.93,2.54
0.25668,0.23414,13.771,12.384,0.13771,0.12338,0.01,0.0099628,10.96,10.56,2.44
0.22451,0.20076,14.296,12.831,0.14296,0.12824,0.01,0.0099944,10.22,10.18,0.79
0.27279,0.24412,16.611,14.774,0.16611,0.14932,0.01,0.010107,9.72,9.96,2.58
0.11227,0.10726,44.8,40.089,0.448,0.40201,0.01,0.010028,13.48,9.95,0.94
0.28134,0.2514,47.925,43.109,0.47925,0.42986,0.01,0.0099714,8.97,10.5,1.82
0.10182,0.091248,17.784,15.798,0.17784,0.1599,0.01,0.010122,11.27,9.99,1.39
0.16313,0.14883,13.089,11.737,0.13089,0.11762,0.01,0.010022,9.15,10.1,1.29
0.098256,0.081138,38.59,34.538,0.3859,0.34687,0.01,0.010043,4.21,10.2,0.54
0.022499,0.022521,16.879,15.2,0.16879,0.15137,0.01,0.0099591,14.51,10.34,1.27
0.2836,0.2552,18.27,16.35,0.1827,0.16396,0.01,0.010028,9.36,10.67,1.14
0.12003,0.10513,40.846,36.519,0.40846,0.3673,0.01,0.010058,12.11,10.02,2.19
0.15168,0.1358,19.7,17.546,0.197,0.17712,0.01,0.010095,10.53,9.96,3.29
0.14688,0.1362,42.932,38.599,0.42932,0.38436,0.01,0.0099576,14.97,10.31,1.97
0.14607,0.13123,18.369,16.315,0.18369,0.1651,0.01,0.010119,7.59,10.45,3.48
0.1547,0.13903,19.063,16.971,0.19063,0.17121,0.01,0.010089,12.01,9.7,3.77
0.11549,0.10375,37.506,33.36,0.37506,0.3379,0.01,0.010129,6.81,10.37,0.56
0.25926,0.23326,43.21,38.292,0.4321,0.38885,0.01,0.010155,13.85,10.1,0.54
0.11201,0.10076,12.847,11.533,0.12847,0.11547,0.01,0.010012,11.71,10.17,0.54
0.25799,0.23318,13.451,12.057,0.13451,0.12086,0.01,0.010025,8.91,10.53,1.67
0.2431,0.21283,42.749,38.026,0.42749,0.38506,0.01,0.010126,10.57,10.41,2.23
0.27508,0.24756,42.211,37.768,0.42211,0.37981,0.01,0.010056,8,10.51,1.31
0.26695,0.23784,23.541,20.983,0.23541,0.2117,0.01,0.010089,9.12,10.11,0.47
0.26371,0.23649,18.074,16.015,0.18074,0.16233,0.01,0.010136,9.53,10.17,1.58
0.08629,0.082162,26.218,23.584,0.26218,0.23532,0.01,0.0099779,5.91,10.26,2.16
0.044586,0.038702,6.4382,5.7445,0.064382,0.057982,0.01,0.010093,8.22,9.88,2.84
0.085693,0.071729,28.134,25.247,0.28134,0.25335,0.01,0.010035,5.96,10.51,1.16
0.090507,0.077967,49.352,44.283,0.49352,0.44361,0.01,0.010018,13.91,10.19,0.94
0.20785,0.18779,35.651,32.016,0.35651,0.32011,0.01,0.0099986,13.31,10.43,3.33
0.11201,0.099209,29.027,26.144,0.29027,0.26023,0.01,0.0099534,8.03,10.13,0.8
0.22514,0.19901,38.642,34.767,0.38642,0.3469,0.01,0.0099779,7.34,10.39,1.25
0.066024,0.054435,27.428,24.462,0.27428,0.24718,0.01,0.010105,6.45,10.19,0.72
0.091506,0.081269,21.398,19.084,0.21398,0.19282,0.01,0.010104,10.01,10.42,1.66
0.26925,0.24048,7.1953,6.4481,0.071953,0.064697,0.01,0.010033,10.33,9.94,0.62
0.25494,0.22736,47.811,42.6,0.47811,0.42965,0.01,0.010086,9.14,10.64,1.95
0.14091,0.12577,6.3836,5.71,0.063836,0.057371,0.01,0.010047,9.52,10.2,0.16
0.17503,0.16373,43.262,38.88,0.43262,0.38878,0.01,0.0099996,13.23,9.95,1.72
0.16153,0.14828,47.484,42.459,0.47484,0.4265,0.01,0.010045,6.74,10.31,0.81
0.22316,0.20217,15.885,14.124,0.15885,0.14315,0.01,0.010135,10.74,9.88,2.46
0.28793,0.26299,23.823,21.256,0.23823,0.21467,0.01,0.0101,9.34,10.56,2.37
0.29242,0.26214,44.229,39.661,0.44229,0.3971,0.01,0.010012,9.29,10.24,0.02
0.141,0.1276,7.8705,7.0151,0.078705,0.070775,0.01,0.010089,9.7,10.2,1.26
0.28796,0.25621,6.981,6.25,0.06981,0.06274,0.01,0.010038,10.16,9.88,1.23
0.21352,0.19072,14.49,12.894,0.1449,0.13035,0.01,0.010109,9.9,10.4,0.81
0.14385,0.1293,7.4926,6.7152,0.074926,0.067329,0.01,0.010026,10.13,9.97,2.73
0.023331,0.010865,43.823,39.195,0.43823,0.39424,0.01,0.010058,34.84,10.32,1.06
0.090829,0.081101,22.987,20.63,0.22987,0.20629,0.01,0.0099997,5.52,10.83,5.03
0.16517,0.14819,26.235,23.336,0.26235,0.23597,0.01,0.010112,13.76,9.96,0.61
0.10068,0.089367,7.8244,6.9709,0.078244,0.070371,0.01,0.010095,9.86,10.27,0.99
0.12105,0.10705,29.692,26.669,0.29692,0.26699,0.01,0.010011,6.55,10.7,3.28
0.017763,0.026848,44.766,40.03,0.44766,0.40265,0.01,0.010059,31.92,10.12,0.51
0.22145,0.19945,30.236,27.007,0.30236,0.27174,0.01,0.010062,12.37,9.96,2.39
0.049464,0.037477,38.64,34.528,0.3864,0.34797,0.01,0.010078,8.59,10.55,2.07
0.09282,0.083129,22.345,19.969,0.22345,0.20052,0.01,0.010042,10.94,10.06,0.89
0.018654,0.013261,28.073,24.938,0.28073,0.2526,0.01,0.010129,0.61,10.35,2.39
0.25266,0.22743,24.532,22.053,0.24532,0.22003,0.01,0.0099773,10.14,10.71,3.59
0.20502,0.1852,9.2376,8.2637,0.092376,0.082939,0.01,0.010037,10.2,10.44,1.63
0.20973,0.19095,7.0011,6.2455,0.070011,0.062877,0.01,0.010068,9.81,10.51,2.64
0.063186,0.056614,5.6942,5.1117,0.056942,0.051157,0.01,0.010008,10.91,10.44,2.05
0.20233,0.17994,14.595,12.913,0.14595,0.13159,0.01,0.01019,9.02,10.24,0.22
0.281,0.25184,10.007,8.9202,0.10007,0.090161,0.01,0.010108,9.71,10.66,1.67
0.17462,0.15852,20.907,18.686,0.20907,0.18792,0.01,0.010057,13.01,9.82,2.75
0.25093,0.22833,19.367,17.361,0.19367,0.1737,0.01,0.010005,10.16,10.61,4.06
0.27769,0.249,6.7185,6.0239,0.067185,0.060155,0.01,0.0099861,10.29,9.91,1.76
0.12019,0.11262,31.296,28.24,0.31296,0.28033,0.01,0.0099267,5.16,10.87,3.29
0.28743,0.26066,20.134,17.838,0.20134,0.18144,0.01,0.010171,10.46,10.2,1.03
0.1928,0.16955,49.591,44.399,0.49591,0.44545,0.01,0.010033,12.02,10.2,0.06
0.033298,0.032433,45.489,40.412,0.45489,0.40854,0.01,0.010109,3.56,10.07,1.44
0.28433,0.25443,6.8088,6.0708,0.068088,0.061126,0.01,0.010069,9.52,10.2,1.46
0.13353,0.11935,22.257,19.987,0.22257,0.20009,0.01,0.010011,9.61,10.19,1.44
0.022245,0.018578,21.989,19.841,0.21989,0.1972,0.01,0.0099388,13.41,10.44,0.23
0.1168,0.10458,7.1951,6.4623,0.071951,0.064582,0.01,0.0099937,9.44,10.26,2.7
0.03018,0.027187,40.5,36.229,0.405,0.3643,0.01,0.010055,10.25,10.04,0.97
0.025177,0.024344,40.751,36.433,0.40751,0.36619,0.01,0.010051,4.1,9.99,0.69
0.05405,0.047396,44.655,39.798,0.44655,0.40224,0.01,0.010107,21.98,9.58,5.21
0.25322,0.23799,45.163,40.639,0.45163,0.40472,0.01,0.0099588,6.69,10.64,4.55
0.045909,0.042847,20.087,17.981,0.20087,0.18047,0.01,0.010037,11.46,10.47,2.08
0.035586,0.033723,39.448,35.625,0.39448,0.35323,0.01,0.0099153,0.2,10.32,1.85
0.22305,0.20057,10.273,9.1879,0.10273,0.092495,0.01,0.010067,9.63,10.3,0.36
0.11097,0.10044,35.184,31.642,0.35184,0.31634,0.01,0.0099975,15.38,10.06,0.11
0.2192,0.20131,39.14,35.087,0.3914,0.35165,0.01,0.010022,10.26,10.22,1.56
0.2939,0.26455,35.061,31.486,0.35061,0.31419,0.01,0.0099788,9.68,10.2,1.21
0.23303,0.21283,29.308,26.184,0.29308,0.26321,0.01,0.010052,9.77,9.68,3.57
0.25141,0.22643,30.591,27.469,0.30591,0.27423,0.01,0.009983,11.03,10.3,1.49
0.060428,0.054325,11.172,9.9418,0.11172,0.10054,0.01,0.010113,9.87,10.19,0.31
0.085007,0.081092,39.628,35.33,0.39628,0.35598,0.01,0.010076,8,9.89,2.81
0.073318,0.066077,8.6908,7.8081,0.086908,0.077997,0.01,0.0099892,11.28,10.16,0.41
0.21476,0.19185,10.828,9.7168,0.10828,0.096985,0.01,0.0099812,10.77,9.6,4.5
0.1677,0.15637,19.618,17.6,0.19618,0.17611,0.01,0.010006,10.82,10.11,0.97
0.10788,0.098579,47.833,43.072,0.47833,0.42899,0.01,0.0099599,8.28,10.21,1.25
0.25335,0.22397,37.922,33.781,0.37922,0.34088,0.01,0.010091,9.43,10.75,3
0.28306,0.25613,16.163,14.396,0.16163,0.14497,0.01,0.01007,10.29,10.04,0.27
0.28855,0.25941,28.49,25.339,0.2849,0.25646,0.01,0.010121,13.21,9.8,2.62
0.11603,0.10417,13.865,12.407,0.13865,0.12428,0.01,0.010016,11.82,9.99,2.01
0.073119,0.066214,16.683,14.869,0.16683,0.15024,0.01,0.010104,7.45,10.09,0.79
0.042277,0.042296,41.703,37.331,0.41703,0.37505,0.01,0.010047,9.98,10.13,1.64
0.25464,0.22894,8.2406,7.3547,0.082406,0.074001,0.01,0.010062,9.99,9.83,0.46
0.25501,0.22949,11.361,10.233,0.11361,0.10192,0.01,0.00996,10.33,10.05,0.44
0.15763,0.14706,23.392,20.897,0.23392,0.21048,0.01,0.010072,8.59,10.09,0.65
0.092079,0.084217,40.679,36.427,0.40679,0.36676,0.01,0.010068,11.22,10.37,1.04
0.097938,0.089507,48.79,43.406,0.4879,0.43985,0.01,0.010133,15.67,10.05,0.01
0.14617,0.13244,30.064,26.944,0.30064,0.26999,0.01,0.01002,16.21,9.89,2.47
0.2536,0.22415,32.573,29.118,0.32573,0.29274,0.01,0.010054,10.12,10.17,1.46
0.029649,0.02819,23.769,21.417,0.23769,0.21333,0.01,0.0099609,5.14,10.43,0.95
0.24032,0.21803,19.298,17.259,0.19298,0.17339,0.01,0.010046,9.61,10.28,2.03
0.061717,0.057937,32.385,28.998,0.32385,0.29102,0.01,0.010036,1.99,10.31,1.32
0.18503,0.16919,34.496,30.886,0.34496,0.30957,0.01,0.010023,6.83,10.32,3.04
0.080519,0.080283,49.443,44.412,0.49443,0.44416,0.01,0.010001,15.9,10.15,0.07
0.199,0.18648,36.511,32.81,0.36511,0.32731,0.01,0.0099759,10.15,10.86,4.47
0.059745,0.051571,42.847,38.318,0.42847,0.38458,0.01,0.010037,14.67,10.51,1.75
0.090388,0.08538,26.656,23.861,0.26656,0.23909,0.01,0.01002,5.45,10.24,0.45
0.071274,0.064047,6.9234,6.119,0.069234,0.062469,0.01,0.010209,9.1,10.04,1.63
0.21349,0.19121,5.8299,5.179,0.058299,0.052545,0.01,0.010146,10.41,10.48,2.51
0.04879,0.044837,7.5105,6.7443,0.075105,0.067391,0.01,0.0099924,11.93,9.99,3.74
0.03712,0.034252,9.6406,8.6139,0.096406,0.086783,0.01,0.010075,12.25,10.4,1.05
0.033088,0.025943,25.905,23.046,0.25905,0.23313,0.01,0.010116,16.46,10.33,0.78
0.074616,0.068789,19.247,17.051,0.19247,0.17318,0.01,0.010157,13.21,10.15,0.2
0.11292,0.10706,26.657,23.893,0.26657,0.23953,0.01,0.010025,12.66,10.28,0.83
0.20972,0.18963,34.178,30.529,0.34178,0.30752,0.01,0.010073,6.16,10.16,1.25
0.29884,0.2688,30.346,26.951,0.30346,0.27306,0.01,0.010132,8.06,10.67,2.08
0.2827,0.25227,14.718,13.12,0.14718,0.13235,0.01,0.010088,9.34,10.08,1.35
0.10913,0.098001,27.576,24.753,0.27576,0.2481,0.01,0.010023,4.87,9.75,3.34
0.2756,0.25285,44.124,39.214,0.44124,0.39815,0.01,0.010153,10.05,10.05,1.27
0.013961,0.015965,35.39,31.49,0.3539,0.31813,0.01,0.010103,88.66,10.49,1.36
0.18578,0.16767,18.346,16.384,0.18346,0.16484,0.01,0.010061,10.74,10.51,3.89
0.25303,0.22458,45.019,39.95,0.45019,0.40508,0.01,0.01014,12.37,10.26,0.92
0.017661,0.025664,48.84,44.125,0.4884,0.43829,0.01,0.0099328,9.57,10.51,2.12
0.27851,0.25271,25.537,23.245,0.25537,0.22813,0.01,0.0098143,7.66,10.5,1.59
0.22724,0.20239,5.6316,5.0016,0.056316,0.050691,0.01,0.010135,10.47,9.83,2.71
0.09219,0.081598,21.23,18.976,0.2123,0.19072,0.01,0.01005,9.87,10.06,0.79
0.1266,0.11381,31.727,28.678,0.31727,0.28438,0.01,0.0099163,14.15,10.16,0.6
0.27783,0.25113,22.12,19.587,0.2212,0.19877,0.01,0.010148,9.8,9.91,1.1
0.22706,0.20481,8.3509,7.4631,0.083509,0.074977,0.01,0.010046,10.62,10.21,1.24
0.28608,0.25762,8.5474,7.6071,0.085474,0.076955,0.01,0.010116,10.11,10.05,0.76
0.22371,0.20063,13.852,12.317,0.13852,0.12451,0.01,0.010109,10.7,10.5,3.38
0.26632,0.2403,34.175,30.717,0.34175,0.30668,0.01,0.0099839,8.56,10.43,2.82
0.12338,0.11282,22.903,20.459,0.22903,0.20586,0.01,0.010062,8.56,10.13,1.01
0.2137,0.19161,8.2323,7.3843,0.082323,0.073897,0.01,0.010007,9.94,10.18,0.31
0.12213,0.11212,13.341,12.012,0.13341,0.1196,0.01,0.0099568,11.59,10.22,1.45
0.10966,0.10065,18.527,16.713,0.18527,0.16648,0.01,0.0099612,8.9,10.55,1.75
0.25758,0.23239,28.944,25.728,0.28944,0.26042,0.01,0.010122,11.61,9.95,3.18
0.10892,0.10199,29.679,26.475,0.29679,0.26733,0.01,0.010097,11.91,9.99,1.68
0.29827,0.26745,5.0567,4.4926,0.050567,0.045489,0.01,0.010125,10.03,10.15,1.91
0.24208,0.21488,47.433,42.169,0.47433,0.42784,0.01,0.010146,7.15,10.24,0.11
0.27839,0.24937,39.859,35.718,0.39859,0.35819,0.01,0.010028,8.47,10.72,2.38
0.25616,0.2254,39.459,35.271,0.39459,0.35469,0.01,0.010056,8.85,10.4,1.32
0.20789,0.18928,12.912,11.565,0.12912,0.11581,0.01,0.010014,8.82,10.6,3.83
0.037076,0.033737,6.2261,5.5708,0.062261,0.056007,0.01,0.010054,6.69,10.34,1.07
0.26691,0.23772,22.682,20.071,0.22682,0.20434,0.01,0.010181,8.23,10.57,2.94
0.072853,0.073933,42.792,38.259,0.42792,0.38384,0.01,0.010033,2.45,10.31,0.45
0.12128,0.11113,9.4732,8.5034,0.094732,0.084739,0.01,0.0099653,11.07,10.33,0.01
0.13528,0.1221,10.916,9.8096,0.10916,0.098051,0.01,0.0099954,9.74,10.6,1.9
0.11116,0.09786,24.359,21.959,0.24359,0.21886,0.01,0.0099669,11.12,10.01,0.62
0.17585,0.15845,6.9734,6.2602,0.069734,0.062508,0.01,0.0099851,9.81,10.73,4.94
0.048377,0.041072,37.859,33.872,0.37859,0.33989,0.01,0.010035,0.25,9.97,1
0.2441,0.21451,45.869,41.058,0.45869,0.41165,0.01,0.010026,11.76,10.57,2.71
0.20883,0.19307,44.031,39.557,0.44031,0.39565,0.01,0.010002,6.4,10.36,1.22
0.075488,0.069106,12.692,11.352,0.12692,0.11397,0.01,0.010039,10.57,10.53,2.02
0.2544,0.23105,26.811,23.979,0.26811,0.24133,0.01,0.010064,9.54,10.34,0.72
0.16225,0.14807,31.951,28.509,0.31951,0.28711,0.01,0.010071,9.73,10.33,1.03
0.20831,0.18189,24.74,22.057,0.2474,0.22273,0.01,0.010098,11.47,10.06,0.94
0.019661,0.012582,36.308,32.494,0.36308,0.32596,0.01,0.010031,7.32,10.07,1.9
0.2209,0.19664,25.988,23.116,0.25988,0.23431,0.01,0.010136,9.08,10.2,2.14
0.22023,0.19553,27.542,24.466,0.27542,0.24772,0.01,0.010125,7.05,10.71,2.61
0.12169,0.10931,5.1282,4.5771,0.051282,0.046128,0.01,0.010078,9.83,10.55,3.34
0.15839,0.14369,13.738,12.308,0.13738,0.12317,0.01,0.010007,10.11,9.89,1.87
0.25786,0.2346,18.809,16.819,0.18809,0.16935,0.01,0.010068,8.49,10.41,3.1
0.29479,0.26111,49.826,44.65,0.49826,0.44761,0.01,0.010025,10.12,10.56,2.71
0.14065,0.12665,7.0419,6.2859,0.070419,0.063149,0.01,0.010046,10.16,10.29,1.7
0.023862,0.01909,39.951,35.607,0.39951,0.35896,0.01,0.010081,13.11,10.5,1.47
0.0363,0.034806,24.511,21.968,0.24511,0.21983,0.01,0.010007,12.42,9.95,0.36
0.017574,0.015353,45.964,41.049,0.45964,0.41358,0.01,0.010075,6.7,10.24,0.1
0.13604,0.11912,43.866,38.942,0.43866,0.39521,0.01,0.010149,3.5,10.04,1.04
0.14318,0.13034,33.149,29.869,0.33149,0.29744,0.01,0.0099581,12.85,10.12,2.06
0.2654,0.23758,15.665,14.085,0.15665,0.14052,0.01,0.0099766,10.11,9.68,4.74
0.040583,0.031455,25.066,22.419,0.25066,0.22562,0.01,0.010064,19.64,10.05,1.83
0.21554,0.19809,31.642,28.432,0.31642,0.28447,0.01,0.010005,7.08,10.3,0.74
0.14911,0.13239,6.6768,5.9522,0.066768,0.060091,0.01,0.010096,10.6,9.83,3.05
0.17114,0.15262,9.5956,8.561,0.095956,0.08635,0.01,0.010086,9.43,10.23,1.58
0.25872,0.23189,21.497,19.159,0.21497,0.19343,0.01,0.010096,8.69,10.03,0.51
0.23398,0.21391,38.728,34.984,0.38728,0.34642,0.01,0.0099023,6.8,10.2,1.79
0.10799,0.09528,22.876,20.411,0.22876,0.20538,0.01,0.010063,11.08,10.1,0.13
0.24006,0.21898,31.069,27.846,0.31069,0.27902,0.01,0.01002,9.56,9.98,2.2
0.21655,0.19539,10.83,9.6819,0.1083,0.097503,0.01,0.010071,9.88,9.89,0.03
0.13489,0.11834,30.593,27.455,0.30593,0.27477,0.01,0.010008,11.84,10.25,1.32
0.19812,0.17771,12.798,11.438,0.12798,0.1151,0.01,0.010063,9.64,10.43,2.24
0.084732,0.078726,43.96,39.282,0.4396,0.3951,0.01,0.010058,4.26,10.51,0.24
0.17195,0.15316,14.904,13.245,0.14904,0.13395,0.01,0.010113,12,9.95,1.65
0.074081,0.066967,9.0694,8.1109,0.090694,0.081515,0.01,0.01005,10.65,10.16,0.02
0.045905,0.045441,24.913,22.303,0.24913,0.22413,0.01,0.010049,26.51,9.82,3.96
0.25495,0.23461,34.463,30.694,0.34463,0.31013,0.01,0.010104,9.86,10.28,0.31
0.18552,0.16553,16.833,15.063,0.16833,0.15122,0.01,0.010039,9.09,9.96,2.46
0.29456,0.26518,39.705,35.319,0.39705,0.35698,0.01,0.010107,8.35,10.51,2.49
0.018943,0.018282,32.542,29.174,0.32542,0.29241,0.01,0.010023,59.83,10.21,0.16
0.064924,0.054299,37.639,33.614,0.37639,0.33908,0.01,0.010087,2.13,10.3,0.15
0.20943,0.18698,16.311,14.593,0.16311,0.14654,0.01,0.010041,8.91,10.29,0.24
0.23921,0.21936,38.031,33.868,0.38031,0.34249,0.01,0.010112,8.65,10.68,3.35
0.045374,0.041394,11.513,10.333,0.11513,0.1033,0.01,0.0099972,8.97,10.26,1.41
0.088584,0.079305,46.283,41.198,0.46283,0.41719,0.01,0.010126,18.13,9.89,1.52
0.18916,0.17373,26.926,24.09,0.26926,0.24141,0.01,0.010021,8.78,10.39,1.94
0.12082,0.10651,19.997,18.066,0.19997,0.17918,0.01,0.009918,6,10.5,0.88
0.16624,0.14421,38.747,34.428,0.38747,0.34963,0.01,0.010155,7.69,10.31,1.05
0.24989,0.22492,15.309,13.632,0.15309,0.1379,0.01,0.010116,12.13,9.93,2.55
0.22799,0.20489,6.4065,5.7166,0.064065,0.057636,0.01,0.010082,9.43,10.52,2.01
0.28242,0.25411,24.836,22.037,0.24836,0.2232,0.01,0.010129,9.78,10.23,0.49
0.14241,0.12733,31.432,28.34,0.31432,0.28205,0.01,0.0099525,7.73,10.62,2.33
0.16228,0.14877,34.492,30.902,0.34492,0.30973,0.01,0.010023,6.6,10.42,0.25
0.26558,0.23635,27.411,24.56,0.27411,0.24659,0.01,0.01004,8.07,10.22,0.58
0.049869,0.043634,7.4467,6.5981,0.074467,0.06718,0.01,0.010182,11.01,9.84,3.17
0.059251,0.048795,16.398,14.629,0.16398,0.14787,0.01,0.010108,7.14,10.1,0.45
0.24744,0.22321,16.402,14.605,0.16402,0.14754,0.01,0.010102,11.4,9.94,3.63
0.28682,0.25784,44.02,39.2,0.4402,0.39529,0.01,0.010084,12.7,10.07,0.94
0.048667,0.044776,13.805,12.311,0.13805,0.1242,0.01,0.010088,11.55,10.58,3.45
0.25871,0.22726,33.003,29.307,0.33003,0.29767,0.01,0.010157,9.92,10.06,0.76
0.03727,0.032929,46.315,41.296,0.46315,0.41607,0.01,0.010075,13.05,10.08,0.67
0.1548,0.13806,16.901,15.207,0.16901,0.15174,0.01,0.0099779,10.54,9.95,2.77
0.01251,0.0085319,26.498,23.621,0.26498,0.23845,0.01,0.010095,59.13,9.57,2.88
0.035605,0.037324,41.899,37.548,0.41899,0.37575,0.01,0.010007,3.28,10.53,1.23
0.13911,0.12588,47.751,42.935,0.47751,0.42884,0.01,0.0099882,3.71,10.68,3.11
0.078142,0.067563,47.122,42.108,0.47122,0.42392,0.01,0.010068,2.98,10.19,0.72
0.031554,0.027019,18.581,16.61,0.18581,0.16701,0.01,0.010055,5.59,10.54,3.11
0.24471,0.22062,23.454,20.842,0.23454,0.21114,0.01,0.01013,7.5,10.27,0.5
0.11106,0.098697,9.2455,8.2735,0.092455,0.083073,0.01,0.010041,10.65,10.16,2.7
0.22194,0.20437,38.747,34.746,0.38747,0.34735,0.01,0.0099967,8.28,10.12,1.06
0.29063,0.26398,29.307,26.215,0.29307,0.26342,0.01,0.010048,10.61,10.02,1.29
0.18235,0.16441,20.157,17.865,0.20157,0.18184,0.01,0.010179,9.3,10.12,0.7
0.17122,0.15712,19.913,17.923,0.19913,0.17832,0.01,0.0099491,9.29,10.63,3.12
0.017969,0.016936,25.891,23.316,0.25891,0.23222,0.01,0.0099599,7.07,10.29,1.57
0.082191,0.071943,14.778,13.241,0.14778,0.13293,0.01,0.010039,10.74,10.24,0.58
0.18914,0.1762,34.253,30.671,0.34253,0.30752,0.01,0.010026,10.76,10.63,2.7
0.23091,0.20199,30.366,27.043,0.30366,0.27357,0.01,0.010116,8.97,10.29,0.44
0.037258,0.032831,20.419,18.338,0.20419,0.18335,0.01,0.0099983,20.39,9.98,0.41
0.20459,0.18236,25.291,22.532,0.25291,0.2276,0.01,0.010101,7.85,10.45,1.05
0.052916,0.047047,30.522,27.553,0.30522,0.27365,0.01,0.0099319,7.6,10.44,0.86
0.068926,0.058991,38.252,34.092,0.38252,0.34338,0.01,0.010072,0.5,10.27,1.68
,,,,,,,,,,
,,,,,,,,Vp %Err,Ktrans %Err,Kep %Err
,,,,,,,,10.41,10.23,1.69
,,,,,,,,6.83,0.28,1.23
