True Vp,Est Vp,True Ve,Est Ve,True Ktrans,Est Ktrans,True Kep,Est Kep,Vp %Err,Ve/Vp ratio
0.38568,0.28892,0.081168,0.069007,0.022178,0.0199,0.27323,0.28837,25.08815598,21.04542626
0.47335,0.24683,0.10331,0.089708,0.026497,0.023729,0.25647,0.26451,47.85465301,21.82528784
0.467,0.4369,0.1042,0.091452,0.022044,0.019335,0.21154,0.21143,6.445396146,22.31263383
0.42877,0.080914,0.1008,0.088922,0.022491,0.020402,0.22314,0.22944,81.12881032,23.50910745
0.45442,0.39747,0.11749,0.097019,0.026439,0.025006,0.22504,0.25774,12.53245896,25.85493596
0.48193,0.37735,0.12467,0.10892,0.032619,0.029393,0.26165,0.26984,21.70024692,25.86890212
0.4763,0.063341,0.12667,0.11183,0.029121,0.026278,0.22991,0.23498,86.70144867,26.59458325
0.4987,0.24863,0.1358,0.11637,0.025219,0.023046,0.18571,0.19804,50.14437538,27.23080008
0.34094,0.10889,0.094388,0.084125,0.025387,0.022766,0.26896,0.27062,68.06182906,27.68463659
0.48125,0.42591,0.13592,0.11776,0.033864,0.031657,0.24915,0.26883,11.49922078,28.24311688
0.47915,0.23196,0.13823,0.12222,0.038459,0.035373,0.27823,0.28943,51.58927267,28.84900344
0.36528,0.21716,0.11205,0.099513,0.022027,0.019708,0.19659,0.19805,40.54971529,30.67509855
0.40704,0.04567,0.1258,0.11206,0.021749,0.019464,0.17288,0.17369,88.77997248,30.90605346
0.41795,0.39225,0.13233,0.11563,0.038935,0.034533,0.29423,0.29866,6.149060892,31.66168202
0.47595,0.31218,0.15082,0.13108,0.042787,0.038388,0.2837,0.29287,34.40907658,31.68820254
0.343,0.070907,0.11503,0.10294,0.024946,0.022216,0.21687,0.21582,79.32740525,33.53644315
0.48955,0.40502,0.16836,0.14866,0.03726,0.033164,0.22131,0.22308,17.26687774,34.39076703
0.47326,0.20986,0.16679,0.14854,0.037543,0.033735,0.22509,0.22712,55.65651016,35.24278409
0.45777,0.29783,0.16188,0.14131,0.045588,0.041693,0.28161,0.29505,34.93894314,35.36273675
0.31055,0.23559,0.11464,0.098516,0.022379,0.02044,0.19522,0.20748,24.13782,36.91515054
0.46139,0.43774,0.17057,0.1476,0.036191,0.032569,0.21218,0.22066,5.125815471,36.96872494
0.38595,0.34161,0.14601,0.12573,0.030481,0.028013,0.20875,0.2228,11.48853478,37.8313253
0.48399,0.36731,0.18742,0.16075,0.020909,0.018868,0.11156,0.11738,24.10793611,38.72394058
0.34531,0.24761,0.13396,0.11611,0.025174,0.022785,0.18793,0.19623,28.29341751,38.79412702
0.3965,0.33459,0.15424,0.13398,0.043265,0.039474,0.2805,0.29462,15.61412358,38.90037831
0.37673,0.35827,0.14956,0.1299,0.038793,0.034976,0.25939,0.26926,4.900061052,39.69951955
0.34336,0.33677,0.13928,0.12123,0.036901,0.03355,0.26494,0.27675,1.919268406,40.5638397
0.48207,0.18302,0.20137,0.1823,0.025516,0.022505,0.12671,0.12345,62.0345593,41.77194183
0.33699,0.16269,0.14796,0.12719,0.030097,0.027653,0.20342,0.21742,51.72260304,43.90634737
0.2035,0.40249,0.090701,0.080293,0.022309,0.019837,0.24596,0.24705,97.78378378,44.57051597
0.40917,0.30525,0.18248,0.15316,0.031641,0.029105,0.17339,0.19003,25.39775643,44.59760002
0.34592,0.069548,0.15477,0.13785,0.026599,0.023847,0.17187,0.17299,79.89477336,44.74155874
0.38648,0.20702,0.18107,0.16057,0.037978,0.034307,0.20974,0.21366,46.43448561,46.85106603
0.31966,0.37096,0.14985,0.13731,0.021869,0.01928,0.14594,0.14041,16.04830132,46.8779328
0.46068,0.020307,0.21728,0.19469,0.037654,0.033877,0.1733,0.17401,95.59195103,47.16506035
0.39354,0.20434,0.18895,0.16512,0.048443,0.04444,0.25638,0.26915,48.07643442,48.01290847
0.32032,0.41391,0.15879,0.13532,0.041047,0.038001,0.25849,0.28082,29.21765734,49.5723027
0.41483,0.14014,0.21273,0.18869,0.058408,0.052514,0.27456,0.27831,66.21748668,51.28124774
0.32486,0.040557,0.16876,0.15038,0.050306,0.04516,0.2981,0.30031,87.51554516,51.94853168
0.26572,0.19048,0.13825,0.12155,0.036402,0.03332,0.2633,0.27412,28.3155201,52.028451
0.49316,0.23692,0.25711,0.22891,0.05772,0.051866,0.2245,0.22658,51.95879633,52.13520967
0.43426,0.21846,0.22971,0.20455,0.054359,0.04866,0.23664,0.23789,49.69373187,52.89688205
0.48037,0.32433,0.25674,0.22707,0.059685,0.054263,0.23247,0.23897,32.48329413,53.44630181
0.47063,0.2158,0.25316,0.22685,0.071932,0.064607,0.28414,0.28481,54.14656949,53.79172598
0.48545,0.083408,0.26528,0.23547,0.072377,0.065396,0.27283,0.27773,82.8184159,54.64620455
0.13891,0.28699,0.076891,0.065008,0.020427,0.017784,0.26567,0.27356,106.6013966,55.35310633
0.40047,0.26375,0.22248,0.19424,0.027057,0.024271,0.12162,0.12495,34.13988563,55.5547232
0.31932,0.3986,0.17894,0.15558,0.037615,0.033958,0.21021,0.21827,24.82775899,56.03783039
0.45127,0.27998,0.26094,0.2252,0.037604,0.033969,0.14411,0.15084,37.95732045,57.82347597
0.36371,0.33356,0.21221,0.18944,0.058337,0.052518,0.2749,0.27723,8.289571362,58.34593495
0.33792,0.021686,0.19987,0.17914,0.055326,0.049724,0.27681,0.27757,93.58250473,59.14713542
0.48422,0.16441,0.28662,0.25508,0.057039,0.051429,0.19901,0.20162,66.04642518,59.19210276
0.28323,0.11487,0.16859,0.15061,0.041147,0.037066,0.24406,0.24611,59.44285563,59.52406172
0.41961,0.43921,0.255,0.22799,0.065231,0.057586,0.25581,0.25259,4.671004028,60.77071566
0.35895,0.024294,0.21862,0.19622,0.056326,0.050447,0.25765,0.2571,93.23192645,60.90541858
0.41161,0.33876,0.25309,0.22245,0.0553,0.049802,0.2185,0.22387,17.69879255,61.48781614
0.28235,0.34931,0.17389,0.15396,0.048529,0.043989,0.27907,0.28573,23.71524703,61.58668319
0.43429,0.25667,0.2792,0.24619,0.079158,0.070834,0.28352,0.28772,40.8989385,64.28883925
0.29006,0.32069,0.18908,0.16778,0.047275,0.042169,0.25003,0.25133,10.55988416,65.18651314
0.33837,0.31785,0.2209,0.18395,0.025009,0.022286,0.11322,0.12115,6.064367408,65.28356533
0.25264,0.03922,0.16522,0.14737,0.04513,0.040845,0.27316,0.27716,84.47593414,65.39740342
0.3995,0.39441,0.26161,0.23129,0.066713,0.059336,0.25501,0.25654,1.274092616,65.48435544
0.35759,0.30744,0.23886,0.21186,0.058279,0.052009,0.24399,0.24549,14.0244414,66.79716994
0.45378,0.1436,0.30324,0.27262,0.067787,0.061175,0.22354,0.22439,68.35470933,66.82533386
0.3396,0.22611,0.22719,0.20246,0.063645,0.056695,0.28014,0.28003,33.41872792,66.89929329
0.14402,0.2616,0.096901,0.085071,0.023873,0.020827,0.24636,0.24481,81.64143869,67.28301625
0.48718,0.188,0.32836,0.29538,0.059715,0.053526,0.18186,0.18121,61.41056694,67.40013958
0.43893,0.096276,0.3016,0.27053,0.038588,0.034361,0.12794,0.12702,78.0657508,68.71255098
0.29605,0.41801,0.20499,0.18041,0.05499,0.049202,0.26825,0.27272,41.19574396,69.24168215
0.20293,0.13541,0.14287,0.12502,0.025849,0.023259,0.18093,0.18605,33.27255704,70.40358744
0.48461,0.25412,0.34186,0.30629,0.098505,0.089027,0.28814,0.29066,47.56195704,70.5433235
0.32286,0.27522,0.22889,0.19938,0.0359,0.03249,0.15685,0.16296,14.75562163,70.89450536
0.21636,0.19304,0.15729,0.1389,0.034216,0.030669,0.21754,0.22081,10.77833241,72.69828064
0.27082,0.27887,0.19693,0.17108,0.031215,0.028158,0.15851,0.16459,2.972454029,72.71619526
0.46181,0.22398,0.34028,0.30122,0.095091,0.085708,0.27945,0.28453,51.49953444,73.68398259
0.32692,0.37256,0.24174,0.21294,0.069612,0.062567,0.28796,0.29382,13.96060198,73.94469595
0.43135,0.079829,0.32008,0.28641,0.075018,0.067248,0.23438,0.23479,81.49321896,74.20424249
0.35997,0.16075,0.26998,0.24073,0.063202,0.056729,0.2341,0.23566,55.34350085,75.0006945
0.45911,0.08736,0.34535,0.30733,0.0877,0.078833,0.25394,0.25651,80.97188038,75.22162445
0.12936,0.17539,0.1004,0.088839,0.028934,0.026415,0.2882,0.29733,35.58286951,77.61286333
0.4838,0.16935,0.37746,0.33812,0.11076,0.099571,0.29345,0.29449,64.99586606,78.01984291
0.30244,0.10726,0.23642,0.20871,0.050507,0.045683,0.21363,0.21888,64.5351144,78.17087687
0.36027,0.29254,0.28181,0.25141,0.07765,0.069281,0.27554,0.27557,18.79978905,78.22188914
0.44569,0.2437,0.35151,0.31289,0.098152,0.088387,0.27923,0.28249,45.32073863,78.86872041
0.48175,0.31347,0.38129,0.3389,0.094895,0.08552,0.24888,0.25235,34.9309808,79.1468604
0.18333,0.20615,0.14662,0.13029,0.037258,0.03336,0.25411,0.25604,12.44749905,79.97599956
0.12096,0.073241,0.097105,0.086803,0.028737,0.025949,0.29594,0.29894,39.45023148,80.2786045
0.48068,0.042963,0.39333,0.35206,0.10559,0.094993,0.26845,0.26982,91.06203711,81.82782724
0.41364,0.036913,0.33942,0.30205,0.02977,0.02674,0.087709,0.088529,91.07605647,82.05686104
0.43838,0.1428,0.3656,0.32532,0.094128,0.085304,0.25746,0.26222,67.42552124,83.39796524
0.39163,0.09476,0.32791,0.29173,0.041245,0.037055,0.12578,0.12702,75.80369226,83.72954064
0.43778,0.028079,0.36728,0.32856,0.055747,0.050121,0.15178,0.15255,93.58604779,83.89602083
0.4322,0.17815,0.36422,0.32623,0.080835,0.072206,0.22194,0.22134,58.7806571,84.27117075
0.44482,0.15063,0.37564,0.3355,0.057146,0.051272,0.15213,0.15282,66.13686435,84.44764174
0.18965,0.24475,0.16117,0.14273,0.027697,0.024561,0.17185,0.17208,29.05351964,84.98286317
0.18761,0.30398,0.15998,0.13743,0.036647,0.033847,0.22908,0.24629,62.02761047,85.27264005
0.17672,0.15426,0.15392,0.13889,0.02089,0.01846,0.13572,0.13292,12.70937076,87.0982345
0.32895,0.049661,0.28694,0.25815,0.067103,0.059867,0.23386,0.23191,84.90317677,87.22906217
0.38021,0.29531,0.35179,0.30784,0.069529,0.063206,0.19765,0.20532,22.32976513,92.52518345
0.37006,0.076306,0.34279,0.30596,0.099847,0.089544,0.29128,0.29266,79.38010052,92.63092471
0.38054,0.092245,0.35832,0.319,0.075371,0.067943,0.21035,0.21299,75.7594471,94.16092921
0.45904,0.40494,0.43269,0.38716,0.12148,0.10757,0.28077,0.27784,11.78546532,94.2597595
0.44275,0.33064,0.41776,0.37212,0.11035,0.099358,0.26414,0.267,25.32128741,94.35573123
0.34248,0.43409,0.32403,0.28773,0.092242,0.082989,0.28467,0.28843,26.74900724,94.61282411
0.4473,0.17287,0.42734,0.38245,0.10838,0.097637,0.25361,0.25529,61.3525598,95.53767047
0.44581,0.23356,0.43233,0.37985,0.091742,0.083188,0.2122,0.219,47.60996837,96.97629035
0.45725,0.36127,0.44723,0.39705,0.12083,0.10934,0.27018,0.27537,20.9907053,97.8086386
0.36426,0.064965,0.35629,0.31797,0.04762,0.042648,0.13366,0.13413,82.16521166,97.81200242
0.38831,0.1274,0.38389,0.34271,0.068516,0.061514,0.17848,0.17949,67.1911617,98.86173418
0.37578,0.40553,0.37284,0.32525,0.086008,0.078609,0.23068,0.24169,7.916866252,99.21762734
0.41794,0.30371,0.42625,0.3813,0.088319,0.07859,0.2072,0.20611,27.3316744,101.9883237
0.35709,0.12507,0.36451,0.32091,0.075079,0.068096,0.20597,0.2122,64.97521633,102.0779075
0.31847,0.2523,0.32689,0.29016,0.093101,0.084743,0.28481,0.29206,20.77746727,102.6438911
0.10048,0.23994,0.10354,0.091123,0.029271,0.025806,0.28271,0.2832,138.7937898,103.0453822
0.27345,0.42554,0.28545,0.24583,0.055732,0.050617,0.19524,0.2059,55.61894313,104.3883708
0.32402,0.43476,0.33881,0.31026,0.042354,0.037303,0.12501,0.12023,34.17690266,104.5645331
0.26346,0.12419,0.27616,0.24722,0.068141,0.060744,0.24674,0.24571,52.86191452,104.8204661
0.15577,0.40098,0.16705,0.13608,0.023941,0.021955,0.14332,0.16134,157.4179881,107.2414457
0.42066,0.39942,0.45411,0.39788,0.085481,0.077531,0.18824,0.19486,5.049208387,107.95179
0.19226,0.44173,0.20924,0.18647,0.053327,0.047735,0.25486,0.25599,129.7565796,108.8317903
0.38611,0.041651,0.42049,0.37695,0.11972,0.10744,0.2847,0.28502,89.2126596,108.9041983
0.31835,0.2968,0.35804,0.31803,0.07525,0.067469,0.21017,0.21215,6.769279095,112.4674101
0.45935,0.1571,0.521,0.46818,0.069787,0.062181,0.13395,0.13281,65.79949929,113.4211386
0.4383,0.24242,0.50322,0.45039,0.14388,0.12918,0.28591,0.28683,44.69085102,114.8117728
0.36746,0.37351,0.42274,0.37967,0.11383,0.10157,0.26927,0.26753,1.646437708,115.0438143
0.12479,0.31597,0.14424,0.12661,0.039014,0.035195,0.27047,0.27798,153.2013783,115.5861848
0.37635,0.1983,0.43576,0.38156,0.098389,0.089169,0.22579,0.23369,47.30968513,115.7858377
0.35426,0.13148,0.41347,0.36718,0.092349,0.083316,0.22335,0.22691,62.88601592,116.7137131
0.40307,0.16178,0.47675,0.42197,0.10263,0.092714,0.21528,0.21972,59.86305108,118.2797033
0.33563,0.34656,0.39786,0.35543,0.086247,0.077562,0.21678,0.21822,3.256562286,118.5412508
0.29449,0.26642,0.35305,0.3136,0.10202,0.092104,0.28898,0.2937,9.531732826,119.8852253
0.35466,0.3539,0.43486,0.38872,0.12735,0.11373,0.29286,0.29258,0.214289742,122.613207
0.37394,0.33166,0.45891,0.40768,0.12436,0.11249,0.271,0.27593,11.30662673,122.7228967
0.32906,0.23507,0.40525,0.3615,0.052021,0.046418,0.12837,0.1284,28.56317997,123.1538321
0.41952,0.090254,0.5194,0.46178,0.088523,0.079335,0.17043,0.1718,78.48636537,123.8081617
0.39437,0.26841,0.48827,0.43625,0.12618,0.11344,0.25842,0.26004,31.93954915,123.8101275
0.25715,0.17048,0.31905,0.28531,0.089102,0.080178,0.27928,0.28102,33.70406378,124.0715536
0.42913,0.14645,0.54986,0.46309,0.021639,0.019525,0.039354,0.042163,65.87281243,128.1336658
0.29435,0.21078,0.37968,0.33637,0.032321,0.028941,0.085128,0.086042,28.39137082,128.9892985
0.39897,0.17645,0.51877,0.4624,0.13938,0.12535,0.26868,0.27108,55.77361706,130.0273203
0.23578,0.044484,0.30962,0.27618,0.091701,0.082782,0.29617,0.29974,81.13325982,131.3173297
0.26171,0.3256,0.34574,0.3034,0.096471,0.088768,0.27903,0.29258,24.41251767,132.1080585
0.41688,0.050612,0.55242,0.49628,0.10627,0.09546,0.19237,0.19235,87.85933602,132.5129534
0.26168,0.38814,0.3469,0.29359,0.047511,0.043526,0.13696,0.14825,48.32619994,132.5664934
0.22509,0.28126,0.29922,0.25823,0.033207,0.03007,0.11098,0.11644,24.95446266,132.9334933
0.25654,0.36923,0.35083,0.30938,0.1034,0.094606,0.29474,0.3058,43.926873,136.7545022
0.26,0.1805,0.35559,0.32335,0.048696,0.04328,0.13694,0.13385,30.57692308,136.7653846
0.22421,0.059729,0.30709,0.27433,0.071321,0.06387,0.23225,0.23282,73.36024263,136.965345
0.38961,0.22803,0.53662,0.43549,0.038939,0.035694,0.072564,0.081964,41.47224147,137.7326044
0.30906,0.13952,0.43298,0.3865,0.11739,0.10544,0.27112,0.27282,54.85666214,140.0957743
0.23432,0.066124,0.33147,0.29668,0.096665,0.086846,0.29163,0.29272,71.78047115,141.460396
0.26593,0.060736,0.37708,0.33604,0.056204,0.050702,0.14905,0.15088,77.16090701,141.7967134
0.32497,0.34432,0.46511,0.41003,0.10622,0.096664,0.22839,0.23575,5.95439579,143.1239807
0.3792,0.38019,0.55971,0.49641,0.047075,0.041663,0.084106,0.083929,0.261075949,147.6028481
0.29434,0.36525,0.43515,0.38404,0.080888,0.073883,0.18589,0.19238,24.09118706,147.8392335
0.21741,0.38376,0.32294,0.27145,0.041108,0.037333,0.12729,0.13753,76.51441976,148.5396256
0.17197,0.11108,0.259,0.22906,0.033337,0.029935,0.12871,0.13068,35.40733849,150.6076641
0.15627,0.1191,0.23889,0.21345,0.057212,0.051189,0.23949,0.23982,23.78575542,152.8700326
0.28966,0.078823,0.44534,0.40212,0.0899,0.080186,0.20187,0.19941,72.78775116,153.7457709
0.36143,0.214,0.56957,0.50911,0.16246,0.1453,0.28523,0.2854,40.79074786,157.5879147
0.35759,0.074972,0.57107,0.51086,0.16171,0.14545,0.28318,0.2847,79.03408932,159.699656
0.35848,0.27161,0.57543,0.51285,0.15361,0.13851,0.26696,0.27008,24.23287213,160.5194153
0.32641,0.077664,0.52921,0.47304,0.10754,0.09652,0.20321,0.20404,76.20661132,162.1304494
0.35522,0.38102,0.57699,0.51603,0.16107,0.14505,0.27915,0.28109,7.263104555,162.4317324
0.34259,0.43019,0.55753,0.48343,0.092832,0.084588,0.16651,0.17498,25.56992323,162.739718
0.077818,0.097293,0.12816,0.11231,0.023618,0.021386,0.18429,0.19041,25.02634352,164.6919736
0.37199,0.1798,0.61399,0.54656,0.17709,0.15966,0.28843,0.29212,51.66536735,165.0555122
0.29194,0.10643,0.48714,0.43276,0.14152,0.12724,0.29052,0.29402,63.54387888,166.8630541
0.31986,0.20377,0.53528,0.47584,0.084236,0.075432,0.15737,0.15852,36.29400363,167.3482148
0.33093,0.05423,0.55915,0.50067,0.12395,0.11078,0.22168,0.22126,83.61284864,168.9632249
0.18585,0.2511,0.31543,0.28091,0.079976,0.072281,0.25355,0.25731,35.10895884,169.7228948
0.26244,0.09117,0.44779,0.40222,0.079096,0.070743,0.17664,0.17588,65.260631,170.6256668
0.34377,0.30866,0.58746,0.52222,0.14619,0.13163,0.24885,0.25205,10.21322396,170.887512
0.12199,0.05436,0.21083,0.18804,0.045668,0.041038,0.21661,0.21824,55.43897041,172.8256414
0.3607,0.35678,0.62591,0.55924,0.15827,0.14297,0.25286,0.25565,1.086775714,173.5264763
0.30672,0.099917,0.53374,0.48117,0.062788,0.056337,0.11764,0.11708,67.42403495,174.0153886
0.34368,0.10155,0.59857,0.53591,0.14772,0.13239,0.24678,0.24704,70.4521648,174.1649209
0.32845,0.21969,0.57907,0.51191,0.10895,0.098525,0.18815,0.19247,33.11310702,176.3038514
0.27917,0.1307,0.49925,0.44608,0.11098,0.099385,0.22229,0.22279,53.18264857,178.8336856
0.35105,0.25995,0.63317,0.56815,0.17949,0.16101,0.28349,0.2834,25.95071927,180.3646204
0.15612,0.19707,0.28432,0.25702,0.081645,0.072877,0.28717,0.28355,26.22982321,182.1163208
0.28945,0.04718,0.53448,0.47725,0.1498,0.13439,0.28027,0.28159,83.70012092,184.6536535
0.31383,0.2267,0.59287,0.51772,0.068619,0.062173,0.11574,0.12009,27.7634388,188.9143804
0.27368,0.015709,0.51782,0.46301,0.11536,0.10345,0.22279,0.22343,94.26008477,189.2063724
0.1695,0.31696,0.32119,0.2854,0.08942,0.080094,0.2784,0.28064,86.99705015,189.4926254
0.31913,0.11978,0.609,0.53699,0.062089,0.055873,0.10195,0.10405,62.46670636,190.8313227
0.21139,0.18674,0.4047,0.36217,0.099918,0.089707,0.2469,0.24769,11.66091111,191.4470883
0.201,0.014543,0.38583,0.34546,0.10533,0.094259,0.27298,0.27285,92.76467662,191.9552239
0.2736,0.058004,0.52635,0.47118,0.14095,0.12726,0.26779,0.27009,78.7997076,192.379386
0.32769,0.25453,0.64039,0.57534,0.17293,0.15438,0.27004,0.26832,22.32597882,195.4255546
0.30652,0.22286,0.60224,0.5382,0.17586,0.15839,0.29201,0.2943,27.29348819,196.4765758
0.24719,0.28855,0.48801,0.4376,0.13113,0.11695,0.26869,0.26725,16.73206845,197.4230349
0.25488,0.26309,0.50387,0.44878,0.1477,0.13277,0.29313,0.29585,3.221123666,197.6891086
0.22407,0.20225,0.44772,0.39696,0.063117,0.056694,0.14098,0.14282,9.738028295,199.8125586
0.31623,0.423,0.63286,0.55496,0.15649,0.14213,0.24728,0.25611,33.76340006,200.1264902
0.11522,0.26842,0.23642,0.20472,0.045754,0.042224,0.19353,0.20625,132.9630273,205.1900712
0.31843,0.32777,0.65608,0.58708,0.12884,0.11502,0.19638,0.19591,2.933140722,206.0358635
0.22449,0.43375,0.46382,0.40981,0.094422,0.084385,0.20357,0.20591,93.21573344,206.6105394
0.23079,0.18995,0.4791,0.42842,0.12783,0.11477,0.2668,0.26789,17.69574072,207.5913168
0.30066,0.051907,0.62645,0.56131,0.18767,0.16924,0.29958,0.30151,82.73564824,208.3582785
0.20992,0.4432,0.43792,0.37506,0.048041,0.043481,0.1097,0.11593,111.1280488,208.6128049
0.21912,0.085932,0.45764,0.4003,0.042185,0.037984,0.092179,0.094889,60.78313253,208.8535962
0.31924,0.15169,0.676,0.60113,0.070363,0.063167,0.10409,0.10508,52.48402456,211.7529132
0.27115,0.030123,0.58592,0.5245,0.1741,0.157,0.29714,0.29934,88.89065093,216.0870367
0.27075,0.36459,0.5873,0.51297,0.086571,0.078174,0.14741,0.1524,34.65927978,216.9159741
0.22894,0.057797,0.49807,0.44511,0.14374,0.12872,0.2886,0.28919,74.75452084,217.5548179
0.3002,0.012983,0.65927,0.58788,0.1125,0.10116,0.17065,0.17208,95.67521652,219.6102598
0.084832,0.43933,0.18976,0.1657,0.047407,0.043371,0.24983,0.26175,417.8824029,223.6891739
0.091388,0.17412,0.20469,0.18096,0.023405,0.021225,0.11434,0.11729,90.52829693,223.9790782
0.28315,0.1719,0.63482,0.56288,0.13515,0.1218,0.21289,0.21638,39.29012891,224.1991877
0.24912,0.31161,0.56888,0.50771,0.12715,0.1142,0.22351,0.22493,25.08429672,228.3558125
0.26518,0.2826,0.60717,0.54137,0.16579,0.14879,0.27305,0.27484,6.56912286,228.9652312
0.27006,0.27228,0.6195,0.55278,0.14848,0.13407,0.23968,0.24254,0.822039547,229.3934681
0.16434,0.019216,0.37879,0.33829,0.042665,0.03841,0.11264,0.11354,88.30716807,230.4916636
0.29432,0.44466,0.68223,0.61132,0.15928,0.14208,0.23347,0.23242,51.08045665,231.7987225
0.27932,0.072129,0.64867,0.58079,0.17932,0.161,0.27644,0.27722,74.17692969,232.2318488
0.24128,0.39667,0.56156,0.50061,0.16111,0.14524,0.28689,0.29014,64.40235411,232.7420424
0.2397,0.41612,0.56055,0.48852,0.08169,0.074226,0.14573,0.15194,73.60033375,233.8548185
0.27076,0.22462,0.6359,0.55566,0.07117,0.064319,0.11192,0.11575,17.04092185,234.8574383
0.14497,0.28391,0.34564,0.30336,0.05894,0.053176,0.17052,0.17529,95.84051873,238.4217424
0.15011,0.19409,0.35929,0.32103,0.080014,0.072191,0.2227,0.22487,29.29851442,239.3511425
0.14857,0.41988,0.35878,0.32077,0.077223,0.0687,0.21524,0.21417,182.6142559,241.4888605
0.23561,0.15562,0.57711,0.50847,0.1143,0.10354,0.19805,0.20362,33.95017189,244.9429141
0.033854,0.048021,0.083022,0.074439,0.024175,0.021796,0.29119,0.29281,41.84734448,245.2354227
0.25149,0.083129,0.6174,0.55327,0.15466,0.13867,0.25049,0.25064,66.94540538,245.4968388
0.28044,0.25755,0.69082,0.61525,0.19551,0.1767,0.28302,0.28721,8.162173727,246.3343318
0.19885,0.34748,0.49048,0.44108,0.13532,0.12064,0.2759,0.27351,74.7447825,246.6582851
0.25768,0.44797,0.647,0.57478,0.074816,0.066903,0.11563,0.1164,73.84740764,251.0866191
0.26657,0.40893,0.67165,0.60212,0.17653,0.15672,0.26284,0.26028,53.40435908,251.9600855
0.19953,0.12269,0.50666,0.45318,0.13519,0.12145,0.26682,0.26799,38.51049967,253.9267278
0.19148,0.13834,0.48683,0.43469,0.11809,0.10583,0.24257,0.24346,27.75224567,254.2458742
0.26424,0.062364,0.67965,0.60663,0.19861,0.17844,0.29223,0.29415,76.39872843,257.2093551
0.25537,0.30093,0.65706,0.58675,0.17427,0.15704,0.26523,0.26764,17.84078004,257.297255
0.23085,0.12147,0.59711,0.52548,0.099485,0.089929,0.16661,0.17114,47.3814165,258.6571367
0.12197,0.36241,0.31843,0.28267,0.058832,0.052852,0.18476,0.18697,197.1304419,261.0723949
0.094736,0.27604,0.24744,0.21769,0.055994,0.050662,0.2263,0.23272,191.3781456,261.1889883
0.070205,0.37881,0.18362,0.16079,0.036967,0.032613,0.20132,0.20283,439.5769532,261.5483228
0.20774,0.12664,0.55084,0.49081,0.15175,0.1367,0.27549,0.27853,39.03918359,265.158371
0.24021,0.32227,0.64854,0.57668,0.18204,0.16424,0.28069,0.2848,34.16177511,269.9887598
0.19981,0.42033,0.54088,0.4857,0.15136,0.13524,0.27983,0.27845,110.3648466,270.6971623
0.20896,0.336,0.57373,0.51171,0.13472,0.12054,0.23481,0.23556,60.79632466,274.56451
0.18771,0.42138,0.52644,0.4862,0.049494,0.043826,0.094016,0.090139,124.4845773,280.4538916
0.18255,0.44716,0.52229,0.46465,0.1475,0.1319,0.28241,0.28388,144.9520679,286.1079156
0.16833,0.41168,0.48641,0.42935,0.12228,0.1111,0.25138,0.25877,144.5672192,288.9621577
0.12583,0.20108,0.3645,0.32834,0.098719,0.087888,0.27083,0.26767,59.80290869,289.6765477
0.13509,0.1597,0.40355,0.35898,0.1164,0.10455,0.28843,0.29125,18.21748464,298.7267747
0.14875,0.018229,0.44817,0.40258,0.12007,0.10729,0.26791,0.26649,87.74521008,301.2907563
0.097468,0.30876,0.29373,0.25356,0.027585,0.025061,0.093914,0.098836,216.7808922,301.3604465
0.054925,0.09893,0.17105,0.1535,0.038689,0.034393,0.22619,0.22406,80.1183432,311.42467
0.22273,0.32689,0.72196,0.6467,0.16748,0.15091,0.23198,0.23335,46.76514165,324.141337
0.13171,0.38626,0.42793,0.37002,0.067635,0.0614,0.15805,0.16594,193.2655076,324.9031964
0.18802,0.24159,0.61921,0.55809,0.1429,0.12733,0.23077,0.22816,28.49164982,329.331986
0.056105,0.10405,0.18533,0.16523,0.048709,0.043589,0.26282,0.2638,85.45584173,330.3270653
0.20048,0.40815,0.67519,0.5974,0.1699,0.15412,0.25163,0.25799,103.5863927,336.7867119
0.18935,0.16788,0.64153,0.58197,0.055532,0.049697,0.086561,0.085394,11.3387906,338.8064431
0.13444,0.19275,0.45731,0.40695,0.112,0.1007,0.24492,0.24745,43.37250818,340.1591788
0.18456,0.13276,0.63311,0.57051,0.13966,0.12498,0.2206,0.21907,28.06675336,343.0374946
0.086562,0.11629,0.30171,0.27122,0.053618,0.047733,0.17772,0.176,34.34301426,348.5478616
0.084249,0.10226,0.294,0.26235,0.046018,0.041321,0.15653,0.1575,21.37829529,348.9655664
0.15132,0.16563,0.52906,0.47544,0.10555,0.094538,0.19951,0.19884,9.456780333,349.6299233
0.18425,0.16721,0.65229,0.58046,0.16188,0.14566,0.24818,0.25094,9.248303935,354.0244233
0.21519,0.41529,0.77535,0.6837,0.079374,0.071425,0.10237,0.10447,92.98759236,360.3094939
0.035843,0.29158,0.13043,0.11559,0.02896,0.025873,0.22202,0.22383,713.4921742,363.8925313
0.18328,0.27804,0.68001,0.60923,0.17868,0.16141,0.26276,0.26495,51.7023134,371.0224793
0.067786,0.19588,0.25314,0.22946,0.030062,0.026583,0.11876,0.11585,188.9682235,373.4399434
0.065082,0.22972,0.24403,0.21888,0.043308,0.0386,0.17747,0.17636,252.9700993,374.9577456
0.19404,0.031844,0.73117,0.65846,0.064613,0.057954,0.08837,0.088016,83.58895073,376.814059
0.13438,0.088485,0.51375,0.45927,0.11422,0.10283,0.22233,0.2239,34.15314779,382.3113559
0.082107,0.025846,0.31712,0.28317,0.089431,0.080218,0.28201,0.28329,68.52156333,386.2277272
0.14833,0.34133,0.59091,0.52676,0.10467,0.093407,0.17713,0.17732,130.1152835,398.3752444
0.090831,0.39518,0.3642,0.31936,0.025933,0.023233,0.071205,0.07275,335.0717266,400.9644284
0.088037,0.31941,0.35765,0.32182,0.097958,0.087209,0.27389,0.27099,262.8133626,406.249645
0.11706,0.068385,0.47834,0.42944,0.067128,0.060297,0.14034,0.14041,41.58124039,408.628054
0.053956,0.12841,0.22551,0.20163,0.06388,0.057568,0.28327,0.28552,137.9902142,417.9516643
0.11991,0.0095928,0.50575,0.45005,0.08827,0.079394,0.17453,0.17641,92,421.7746643
0.10741,0.29014,0.45525,0.38083,0.051398,0.046916,0.1129,0.12319,170.1238246,423.8432176
0.16779,0.11429,0.72986,0.65671,0.14754,0.13199,0.20215,0.20098,31.88509446,434.9842064
0.14084,0.38246,0.61478,0.53146,0.098717,0.089569,0.16057,0.16854,171.556376,436.5095143
0.10177,0.30165,0.45665,0.40361,0.06562,0.0591,0.1437,0.14643,196.4036553,448.7078707
0.16029,0.45033,0.72774,0.65022,0.1915,0.17051,0.26314,0.26224,180.9470335,454.0145985
0.066922,0.21452,0.30719,0.27216,0.080829,0.073531,0.26312,0.27018,220.5522847,459.0269269
0.1281,0.25821,0.58984,0.52624,0.10627,0.095733,0.18017,0.18192,101.5690867,460.4527713
0.10913,0.135,0.5026,0.44995,0.12033,0.10747,0.23942,0.23885,23.70567213,460.5516357
0.1544,0.44565,0.71324,0.63537,0.16134,0.14526,0.22621,0.22862,188.6334197,461.9430052
0.17024,0.39093,0.79799,0.71509,0.19547,0.17465,0.24496,0.24423,129.6346335,468.7441259
0.047584,0.18536,0.22425,0.19953,0.06497,0.058781,0.28972,0.2946,289.5427034,471.2718561
0.13341,0.35383,0.63046,0.55586,0.1628,0.14792,0.25823,0.26612,165.2199985,472.5732704
0.1378,0.085191,0.6667,0.59468,0.16494,0.14835,0.2474,0.24947,38.1777939,483.8171263
0.11953,0.37478,0.58016,0.51549,0.11977,0.10783,0.20644,0.20917,213.5447168,485.3676901
0.15984,0.016781,0.78054,0.69949,0.078206,0.07021,0.10019,0.10037,89.50137638,488.3258258
0.083009,0.29402,0.40632,0.35701,0.030243,0.026949,0.074431,0.075487,254.2025563,489.4890915
0.046677,0.32336,0.24397,0.21642,0.047266,0.042601,0.19374,0.19685,592.7608887,522.6771215
0.026202,0.10489,0.14044,0.12626,0.038572,0.03443,0.27464,0.27268,300.3129532,535.9896191
0.073479,0.033186,0.39718,0.35537,0.08881,0.079957,0.2236,0.22499,54.83607561,540.5353911
0.053207,0.038603,0.2878,0.25738,0.068986,0.061476,0.2397,0.23885,27.4475163,540.9062717
0.066308,0.25027,0.36155,0.31663,0.050326,0.045323,0.1392,0.14314,277.4356035,545.2584907
0.086625,0.27038,0.48201,0.43047,0.072415,0.064693,0.15024,0.15028,212.1269841,556.4329004
0.041647,0.026802,0.23351,0.20835,0.054387,0.048956,0.23291,0.23496,35.64482436,560.688645
0.03979,0.18452,0.22908,0.20187,0.034983,0.031569,0.15271,0.15638,363.7346067,575.7225434
0.11965,0.29969,0.69635,0.62022,0.18661,0.16783,0.26798,0.27059,150.4722106,581.989135
0.11119,0.09332,0.65209,0.5776,0.09028,0.081263,0.13845,0.14069,16.07158917,586.4646101
0.13935,0.36576,0.83673,0.74413,0.13751,0.12332,0.16434,0.16572,162.4757804,600.452099
0.074926,0.11039,0.4646,0.41756,0.12835,0.11504,0.27626,0.2755,47.33203427,620.0784774
0.12349,0.21348,0.76616,0.68897,0.17545,0.15633,0.22899,0.2269,72.87229735,620.4227063
0.033607,0.35537,0.2155,0.18853,0.032782,0.029752,0.15212,0.15781,957.4285119,641.2354569
0.073238,0.4315,0.47078,0.41713,0.13379,0.12028,0.28418,0.28834,489.1750184,642.8083782
0.058277,0.11745,0.37693,0.33634,0.050925,0.045632,0.1351,0.13567,101.5374848,646.7903289
0.10788,0.023557,0.71644,0.64261,0.17138,0.1538,0.23921,0.23933,78.16370041,664.1082684
0.087481,0.010974,0.59231,0.52815,0.15067,0.1353,0.25438,0.25618,87.45556178,677.0727358
0.084474,0.11263,0.57789,0.51263,0.14949,0.1353,0.25868,0.26393,33.33096574,684.1039847
0.096856,0.3934,0.6698,0.59455,0.18039,0.16238,0.26932,0.27312,306.1699843,691.5420831
0.0519,0.36821,0.38339,0.34049,0.068969,0.061882,0.17989,0.18174,609.460501,738.7090559
0.10623,0.14864,0.81753,0.73239,0.16623,0.14893,0.20333,0.20334,39.922809,769.584863
0.076546,0.15772,0.60713,0.54102,0.068073,0.061141,0.11212,0.11301,106.0460377,793.1570559
0.037881,0.2854,0.30782,0.27045,0.056474,0.05056,0.18347,0.18695,653.4120007,812.5973443
0.087473,0.22133,0.7311,0.64884,0.11718,0.10551,0.16027,0.16261,153.0266482,835.8007614
0.055688,0.42833,0.48856,0.43813,0.11599,0.10397,0.2374,0.2373,669.1603218,877.3164775
0.095529,0.34392,0.85145,0.75578,0.11719,0.10528,0.13764,0.1393,260.0163301,891.3000241
0.084795,0.4248,0.76648,0.6875,0.18332,0.16402,0.23917,0.23857,400.9729347,903.9212218
0.054708,0.20851,0.52171,0.46207,0.12536,0.11287,0.24028,0.24427,281.1325583,953.6265263
0.053045,0.38856,0.55449,0.4895,0.11463,0.1036,0.20674,0.21165,632.5101329,1045.320011
0.071038,0.37572,0.74357,0.67289,0.058693,0.052618,0.078934,0.078197,428.9000253,1046.721473
0.039705,0.14552,0.42431,0.37746,0.067728,0.06072,0.15962,0.16086,266.5029593,1068.656341
0.050285,0.36039,0.55636,0.49611,0.10063,0.089665,0.18087,0.18074,616.6948394,1106.413443
0.043212,0.055629,0.50279,0.44791,0.062275,0.056189,0.12386,0.12545,28.73507359,1163.542534
0.047446,0.4129,0.55483,0.50267,0.071209,0.063058,0.12835,0.12545,770.2524976,1169.392573
0.061232,0.35274,0.73154,0.64648,0.16169,0.14613,0.22102,0.22605,476.0713352,1194.702117
0.068651,0.23182,0.90249,0.80713,0.18477,0.16627,0.20473,0.206,237.678985,1314.60576
0.055553,0.26492,0.73179,0.65373,0.13963,0.12584,0.1908,0.19249,376.8779364,1317.282595
0.06031,0.38511,0.8355,0.73919,0.10943,0.098645,0.13097,0.13345,538.5508208,1385.342398
0.039993,0.035998,0.61606,0.55313,0.17967,0.16092,0.29164,0.29093,9.989248118,1540.419573
0.037276,0.19948,0.5811,0.50171,0.038356,0.034587,0.066005,0.068939,435.1432557,1558.9119
0.049023,0.42897,0.76912,0.68656,0.14195,0.12733,0.18457,0.18546,775.0382474,1568.896232
0.028658,0.03451,0.50951,0.45876,0.067566,0.060472,0.13261,0.13182,20.42012702,1777.897969
0.037731,0.23852,0.69687,0.62424,0.13996,0.12603,0.20084,0.20189,532.1592325,1846.942832
0.011703,0.18206,0.21704,0.1922,0.057688,0.051905,0.2658,0.27006,1455.669486,1854.567205
0.02111,0.41002,0.39433,0.34586,0.098639,0.08938,0.25015,0.25843,1842.302226,1867.977262
0.030059,0.029881,0.58265,0.52329,0.15406,0.13806,0.26441,0.26384,0.592168735,1938.354569
0.045329,0.14193,0.88459,0.79398,0.079406,0.070894,0.089766,0.08929,213.1108121,1951.48801
0.024009,0.14904,0.52295,0.46188,0.091889,0.083284,0.17571,0.18032,520.7672123,2178.14153
0.012987,0.3483,0.32472,0.28827,0.066142,0.059635,0.20369,0.20687,2581.912682,2500.3465
0.037645,0.31559,0.94256,0.8479,0.16731,0.14913,0.17751,0.17588,738.3317838,2503.811927
0.013482,0.13701,0.37202,0.33145,0.091931,0.082782,0.24711,0.24975,916.2438807,2759.382881
0.025891,0.012144,0.74527,0.66684,0.1779,0.15962,0.2387,0.23937,53.09567031,2878.490595
0.021972,0.1524,0.78755,0.70468,0.14382,0.12929,0.18262,0.18348,593.6100492,3584.334608
0.020721,0.35147,0.80862,0.71362,0.14387,0.12976,0.17792,0.18183,1596.201921,3902.417837
0.021235,0.33896,0.90364,0.80192,0.13698,0.12365,0.15159,0.15419,1496.232635,4255.42736
0.011321,0.33008,0.60572,0.54391,0.1584,0.14165,0.26151,0.26044,2815.643494,5350.410741
0.015799,0.06734,0.91058,0.81366,0.18511,0.16654,0.20329,0.20468,326.2295082,5763.529337
0.010722,0.27485,0.95475,0.85663,0.15837,0.14146,0.16588,0.16513,2463.421004,8904.588696
